category,direction,n,batch,input,seed,trial,returncode,max_rel,wall_ms,correct,failure,output_tail
application,c2c,1024,32,dl,0,1,0,2.814e-07,3415.5748509801924,True,,
application,c2c,1024,64,radar,0,1,0,1.21e-07,4008.0288650933653,True,,
application,c2c,1024,128,dl,0,1,0,2.814e-07,3993.432085029781,True,,
application,c2c,1024,256,radar,0,1,0,1.213e-07,4009.049041196704,True,,
application,c2c,2048,14,ofdm,0,1,0,1.571e-07,3988.2661348674446,True,,
application,c2c,2048,64,radar,0,1,0,1.209e-07,4018.266140948981,True,,
application,c2c,2048,140,ofdm,0,1,0,1.944e-07,3991.894986014813,True,,
application,c2c,2048,256,radar,0,1,0,1.211e-07,3991.295339073986,True,,
application,c2c,4096,14,ofdm,0,1,0,1.315e-07,4018.732961965725,True,,
application,c2c,4096,32,dl,0,1,0,2.513e-07,3994.545424124226,True,,
application,c2c,4096,128,dl,0,1,0,2.844e-07,3995.103265158832,True,,
application,c2c,4096,140,ofdm,0,1,0,2.251e-07,3993.0963781662285,True,,
application,r2c,256,1,sin,0,1,0,8.63e-08,4014.8513161111623,True,,
application,r2c,256,8,sin,0,1,0,8.63e-08,3995.182018028572,True,,
application,r2c,256,64,sin,0,1,0,1.297e-07,3992.4821411259472,True,,
application,r2c,256,256,sin,0,1,0,1.432e-07,4011.7465120274574,True,,
application,r2c,512,1,sin,0,1,0,6.072e-08,3987.402142956853,True,,
application,r2c,512,8,sin,0,1,0,1.292e-07,4003.307868959382,True,,
application,r2c,512,64,sin,0,1,0,1.649e-07,4004.839683882892,True,,
application,r2c,512,256,sin,0,1,0,1.649e-07,3995.8306059706956,True,,
application,r2c,1024,1,sin,0,1,0,1.238e-07,4011.478240834549,True,,
application,r2c,1024,8,sin,0,1,0,1.288e-07,3987.9143149591982,True,,
application,r2c,1024,64,sin,0,1,0,1.288e-07,4016.9781581498682,True,,
application,r2c,1024,256,sin,0,1,0,1.821e-07,3997.7884509135038,True,,
application,r2c,2048,1,sin,0,1,0,8.872e-08,3988.8045340776443,True,,
application,r2c,2048,8,sin,0,1,0,1.058e-07,4015.0900171138346,True,,
application,r2c,2048,64,sin,0,1,0,1.541e-07,4001.221728976816,True,,
application,r2c,2048,256,sin,0,1,0,2.196e-07,3990.8480108715594,True,,
application,r2c,4096,1,sin,0,1,0,3.688e-08,3994.4495568051934,True,,
application,r2c,4096,8,sin,0,1,0,8.243e-08,4004.486728925258,True,,
application,r2c,4096,64,sin,0,1,0,1.385e-07,4012.453339062631,True,,
application,r2c,4096,256,sin,0,1,0,1.76e-07,3989.104422973469,True,,
application,r2c,8192,1,sin,0,1,0,5.999e-08,4010.505326092243,True,,
application,r2c,8192,8,sin,0,1,0,1.014e-07,3995.4334560316056,True,,
application,r2c,8192,64,sin,0,1,0,1.866e-07,3991.8242399580777,True,,
application,r2c,8192,256,sin,0,1,0,1.951e-07,4016.492043156177,True,,
c2c,c2c,64,1,sin,0,1,0,5.238e-08,3991.091998992488,True,,
c2c,c2c,64,4,sin,0,1,0,7.05e-08,3991.509567014873,True,,
c2c,c2c,64,16,sin,0,1,0,1.115e-07,4008.8929559569806,True,,
c2c,c2c,64,47,sin,0,1,0,1.142e-07,3987.7226238604635,True,,
c2c,c2c,64,48,sin,0,1,0,1.142e-07,4006.5842159092426,True,,
c2c,c2c,64,49,sin,0,1,0,1.142e-07,4015.009729890153,True,,
c2c,c2c,64,64,sin,0,1,0,1.142e-07,3991.4426340255886,True,,
c2c,c2c,64,95,sin,0,1,0,1.629e-07,3989.963460015133,True,,
c2c,c2c,64,96,sin,0,1,0,1.629e-07,4015.6503769103438,True,,
c2c,c2c,64,97,sin,0,1,0,1.629e-07,3992.0410700142384,True,,
c2c,c2c,64,143,sin,0,1,0,1.629e-07,4007.9211450647563,True,,
c2c,c2c,64,144,sin,0,1,0,1.629e-07,3997.975055826828,True,,
c2c,c2c,64,145,sin,0,1,0,1.629e-07,3988.8152808416635,True,,
c2c,c2c,64,191,sin,0,1,0,1.642e-07,4019.764645025134,True,,
c2c,c2c,64,192,sin,0,1,0,1.642e-07,3999.295891961083,True,,
c2c,c2c,64,193,sin,0,1,0,1.642e-07,3992.282999912277,True,,
c2c,c2c,64,256,sin,0,1,0,1.642e-07,4008.1051820889115,True,,
c2c,c2c,64,1024,sin,0,1,0,2.242e-07,3991.1616819445044,True,,
c2c,c2c,64,4096,sin,0,1,0,2.336e-07,3998.8028809893876,True,,
c2c,c2c,64,16384,sin,0,1,0,2.336e-07,3988.9624170027673,True,,
c2c,c2c,64,262144,sin,0,1,0,2.555e-07,5020.3832047991455,True,,
c2c,c2c,128,1,sin,0,1,0,7.413e-08,3990.8077069558203,True,,
c2c,c2c,128,4,sin,0,1,0,1.221e-07,4011.9993209373206,True,,
c2c,c2c,128,16,sin,0,1,0,1.221e-07,3999.8798482120037,True,,
c2c,c2c,128,47,sin,0,1,0,1.221e-07,3995.5943229142576,True,,
c2c,c2c,128,48,sin,0,1,0,1.221e-07,3996.8682378530502,True,,
c2c,c2c,128,49,sin,0,1,0,1.221e-07,4018.3831171598285,True,,
c2c,c2c,128,64,sin,0,1,0,1.493e-07,3990.148111945018,True,,
c2c,c2c,128,95,sin,0,1,0,1.493e-07,3998.5264032147825,True,,
c2c,c2c,128,96,sin,0,1,0,1.493e-07,3994.051728863269,True,,
c2c,c2c,128,97,sin,0,1,0,1.493e-07,3997.596319997683,True,,
c2c,c2c,128,143,sin,0,1,0,1.493e-07,4017.1839429531246,True,,
c2c,c2c,128,144,sin,0,1,0,1.493e-07,3999.916549073532,True,,
c2c,c2c,128,145,sin,0,1,0,1.493e-07,3990.6089690048248,True,,
c2c,c2c,128,191,sin,0,1,0,1.634e-07,3996.569684939459,True,,
c2c,c2c,128,192,sin,0,1,0,1.634e-07,3998.8055410794914,True,,
c2c,c2c,128,193,sin,0,1,0,1.634e-07,4015.593783929944,True,,
c2c,c2c,128,256,sin,0,1,0,1.634e-07,3988.580971956253,True,,
c2c,c2c,128,1024,sin,0,1,0,2.344e-07,3987.366489833221,True,,
c2c,c2c,128,4096,sin,0,1,0,2.436e-07,4018.8953559845686,True,,
c2c,c2c,128,8192,sin,0,1,0,2.436e-07,3989.100215025246,True,,
c2c,c2c,128,131072,sin,0,1,0,2.711e-07,6003.780252067372,True,,
c2c,c2c,256,1,sin,0,1,0,9.334e-08,4006.9880429655313,True,,
c2c,c2c,256,4,sin,0,1,0,9.334e-08,3987.8434899728745,True,,
c2c,c2c,256,16,sin,0,1,0,1.957e-07,4014.866302954033,True,,
c2c,c2c,256,47,sin,0,1,0,2.04e-07,3989.290471887216,True,,
c2c,c2c,256,48,sin,0,1,0,2.04e-07,4011.012217029929,True,,
c2c,c2c,256,49,sin,0,1,0,2.04e-07,3987.38663084805,True,,
c2c,c2c,256,64,sin,0,1,0,2.04e-07,4012.3673451598734,True,,
c2c,c2c,256,95,sin,0,1,0,2.215e-07,3995.9157980047166,True,,
c2c,c2c,256,96,sin,0,1,0,2.215e-07,3991.6046620346606,True,,
c2c,c2c,256,97,sin,0,1,0,2.286e-07,4015.101302880794,True,,
c2c,c2c,256,143,sin,0,1,0,2.286e-07,4000.579368090257,True,,
c2c,c2c,256,144,sin,0,1,0,2.286e-07,3990.1760411448777,True,,
c2c,c2c,256,145,sin,0,1,0,2.286e-07,4022.0876841340214,True,,
c2c,c2c,256,191,sin,0,1,0,2.286e-07,3990.1276188902557,True,,
c2c,c2c,256,192,sin,0,1,0,2.286e-07,3991.256606997922,True,,
c2c,c2c,256,193,sin,0,1,0,2.286e-07,3984.948136145249,True,,
c2c,c2c,256,256,sin,0,1,0,2.286e-07,4016.5960639715195,True,,
c2c,c2c,256,1024,sin,0,1,0,2.351e-07,3995.183871826157,True,,
c2c,c2c,256,4096,sin,0,1,0,2.383e-07,4007.5993188656867,True,,
c2c,c2c,256,65536,sin,0,1,0,3.166e-07,5988.381361821666,True,,
c2c,c2c,512,1,sin,0,1,0,9.059e-08,4046.879128087312,True,,
c2c,c2c,512,4,sin,0,1,0,1.154e-07,3976.8144770059735,True,,
c2c,c2c,512,16,sin,0,1,0,1.88e-07,3990.0578998494893,True,,
c2c,c2c,512,47,sin,0,1,0,1.88e-07,3988.9393418561667,True,,
c2c,c2c,512,48,sin,0,1,0,1.88e-07,4007.8596798703074,True,,
c2c,c2c,512,49,sin,0,1,0,1.88e-07,4016.168999951333,True,,
c2c,c2c,512,64,sin,0,1,0,1.88e-07,3997.96055117622,True,,
c2c,c2c,512,95,sin,0,1,0,1.88e-07,3996.716307941824,True,,
c2c,c2c,512,96,sin,0,1,0,1.88e-07,3997.3548462148756,True,,
c2c,c2c,512,97,sin,0,1,0,1.88e-07,3989.7110250312835,True,,
c2c,c2c,512,143,sin,0,1,0,1.957e-07,4014.1708131413907,True,,
c2c,c2c,512,144,sin,0,1,0,1.957e-07,3997.505171922967,True,,
c2c,c2c,512,145,sin,0,1,0,1.957e-07,3997.7563130669296,True,,
c2c,c2c,512,191,sin,0,1,0,2.263e-07,3997.9774218518287,True,,
c2c,c2c,512,192,sin,0,1,0,2.263e-07,3996.4838169980794,True,,
c2c,c2c,512,193,sin,0,1,0,2.263e-07,4037.74371300824,True,,
c2c,c2c,512,256,sin,0,1,0,2.263e-07,3969.6161278989166,True,,
c2c,c2c,512,1024,sin,0,1,0,2.346e-07,3994.58938697353,True,,
c2c,c2c,512,2048,sin,0,1,0,2.346e-07,4004.8626200295985,True,,
c2c,c2c,512,4096,sin,0,1,0,2.409e-07,3987.9445310216397,True,,
c2c,c2c,512,32768,sin,0,1,0,2.89e-07,6003.676678985357,True,,
c2c,c2c,1024,1,sin,0,1,0,6.722e-08,4004.012854071334,True,,
c2c,c2c,1024,4,sin,0,1,0,1.13e-07,4014.775466872379,True,,
c2c,c2c,1024,16,sin,0,1,0,1.282e-07,3988.6337211355567,True,,
c2c,c2c,1024,47,sin,0,1,0,2.329e-07,4012.8534040413797,True,,
c2c,c2c,1024,48,sin,0,1,0,2.329e-07,3995.2724969480187,True,,
c2c,c2c,1024,49,sin,0,1,0,2.329e-07,3992.962538031861,True,,
c2c,c2c,1024,64,sin,0,1,0,2.329e-07,3994.2931020632386,True,,
c2c,c2c,1024,95,sin,0,1,0,2.329e-07,4012.5679329503328,True,,
c2c,c2c,1024,96,sin,0,1,0,2.329e-07,3996.653037145734,True,,
c2c,c2c,1024,97,sin,0,1,0,2.329e-07,4002.5970928836614,True,,
c2c,c2c,1024,143,sin,0,1,0,2.329e-07,3992.8793339058757,True,,
c2c,c2c,1024,144,sin,0,1,0,2.329e-07,4006.416437914595,True,,
c2c,c2c,1024,145,sin,0,1,0,2.329e-07,3994.555755984038,True,,
c2c,c2c,1024,191,sin,0,1,0,2.329e-07,4013.417720096186,True,,
c2c,c2c,1024,192,sin,0,1,0,2.329e-07,3995.32903986983,True,,
c2c,c2c,1024,193,sin,0,1,0,2.329e-07,4011.433244915679,True,,
c2c,c2c,1024,256,sin,0,1,0,2.329e-07,3995.341550093144,True,,
c2c,c2c,1024,1024,sin,0,1,0,2.33e-07,3996.2653000839055,True,,
c2c,c2c,1024,4096,sin,0,1,0,2.364e-07,4007.635731017217,True,,
c2c,c2c,1024,16384,sin,0,1,0,2.39e-07,6000.2507930621505,True,,
c2c,c2c,2048,1,sin,0,1,0,4.525e-08,3991.293705999851,True,,
c2c,c2c,2048,4,sin,0,1,0,1.177e-07,4007.2594040539116,True,,
c2c,c2c,2048,16,sin,0,1,0,1.177e-07,3988.5953089687973,True,,
c2c,c2c,2048,47,sin,0,1,0,1.896e-07,4014.0238869935274,True,,
c2c,c2c,2048,48,sin,0,1,0,1.896e-07,3995.3147291671485,True,,
c2c,c2c,2048,49,sin,0,1,0,1.896e-07,4016.491543967277,True,,
c2c,c2c,2048,64,sin,0,1,0,1.896e-07,3993.409626884386,True,,
c2c,c2c,2048,95,sin,0,1,0,2.215e-07,3999.1174140013754,True,,
c2c,c2c,2048,96,sin,0,1,0,2.215e-07,3997.08384484984,True,,
c2c,c2c,2048,97,sin,0,1,0,2.215e-07,3997.627758886665,True,,
c2c,c2c,2048,143,sin,0,1,0,2.215e-07,3992.687246063724,True,,
c2c,c2c,2048,144,sin,0,1,0,2.215e-07,4007.6743019744754,True,,
c2c,c2c,2048,145,sin,0,1,0,2.215e-07,3988.0745369009674,True,,
c2c,c2c,2048,191,sin,0,1,0,2.355e-07,4006.8849290255457,True,,
c2c,c2c,2048,192,sin,0,1,0,2.355e-07,4004.354099975899,True,,
c2c,c2c,2048,193,sin,0,1,0,2.355e-07,4016.218781005591,True,,
c2c,c2c,2048,256,sin,0,1,0,2.355e-07,4049.8748540412635,True,,
c2c,c2c,2048,512,sin,0,1,0,2.355e-07,3999.3507429026067,True,,
c2c,c2c,2048,1024,sin,0,1,0,2.355e-07,3937.2813310474157,True,,
c2c,c2c,2048,4096,sin,0,1,0,2.381e-07,4995.687016984448,True,,
c2c,c2c,2048,8192,sin,0,1,0,2.381e-07,6007.079442963004,True,,
c2c,c2c,4096,1,sin,0,1,0,1.065e-07,3989.692665170878,True,,
c2c,c2c,4096,4,sin,0,1,0,1.35e-07,4011.1051409039646,True,,
c2c,c2c,4096,16,sin,0,1,0,1.35e-07,4001.58750009723,True,,
c2c,c2c,4096,47,sin,0,1,0,1.399e-07,3999.103053007275,True,,
c2c,c2c,4096,48,sin,0,1,0,1.399e-07,3991.679470986128,True,,
c2c,c2c,4096,49,sin,0,1,0,1.399e-07,4011.1023909412324,True,,
c2c,c2c,4096,64,sin,0,1,0,2.048e-07,3988.43268211931,True,,
c2c,c2c,4096,95,sin,0,1,0,2.186e-07,4014.1879350412637,True,,
c2c,c2c,4096,96,sin,0,1,0,2.186e-07,3995.7983689382672,True,,
c2c,c2c,4096,97,sin,0,1,0,2.186e-07,4007.913053035736,True,,
c2c,c2c,4096,143,sin,0,1,0,2.221e-07,3997.043804032728,True,,
c2c,c2c,4096,144,sin,0,1,0,2.221e-07,3995.442545041442,True,,
c2c,c2c,4096,145,sin,0,1,0,2.221e-07,4009.4308988191187,True,,
c2c,c2c,4096,191,sin,0,1,0,2.221e-07,3990.3099220246077,True,,
c2c,c2c,4096,192,sin,0,1,0,2.221e-07,4019.270024029538,True,,
c2c,c2c,4096,193,sin,0,1,0,2.221e-07,3994.416689965874,True,,
c2c,c2c,4096,256,sin,0,1,0,2.26e-07,3991.817277157679,True,,
c2c,c2c,4096,1024,sin,0,1,0,2.357e-07,3985.9157220926136,True,,
c2c,c2c,4096,4096,sin,0,1,0,2.41e-07,6015.310738934204,True,,
numeric,c2c,1024,48,deterministic-sin-cos,0,1,0,2.329e-07,4000.4200199618936,True,,
numeric,c2c,1024,48,random-seeded,0,1,0,2.155e-07,4074.6588881593198,True,,
numeric,c2c,4096,4096,deterministic-sin-cos,0,1,0,2.41e-07,5920.132336206734,True,,
numeric,c2c,4096,4096,random-seeded,0,1,0,2.39e-07,5996.179932029918,True,,
real,c2r,64,1,half-spectrum,0,1,0,9.335e-08,4015.724940923974,True,,
real,c2r,64,48,half-spectrum,0,1,0,1.328e-07,3995.624392060563,True,,
real,c2r,64,49,half-spectrum,0,1,0,1.328e-07,4000.45393104665,True,,
real,c2r,64,256,half-spectrum,0,1,0,1.971e-07,3998.5621490050107,True,,
real,c2r,64,4096,half-spectrum,0,1,0,2.367e-07,4002.4054769892246,True,,
real,c2r,128,1,half-spectrum,0,1,0,6.52e-08,4001.950065139681,True,,
real,c2r,128,48,half-spectrum,0,1,0,1.558e-07,3994.515373837203,True,,
real,c2r,128,49,half-spectrum,0,1,0,1.558e-07,4016.5292050223798,True,,
real,c2r,128,256,half-spectrum,0,1,0,1.749e-07,3994.7411050088704,True,,
real,c2r,128,4096,half-spectrum,0,1,0,2.593e-07,3999.5366109069437,True,,
real,c2r,256,1,half-spectrum,0,1,0,9.611e-08,3993.607565993443,True,,
real,c2r,256,48,half-spectrum,0,1,0,1.728e-07,3995.7597081083804,True,,
real,c2r,256,49,half-spectrum,0,1,0,1.728e-07,4014.940326102078,True,,
real,c2r,256,256,half-spectrum,0,1,0,1.835e-07,3996.962410164997,True,,
real,c2r,256,4096,half-spectrum,0,1,0,2.275e-07,3990.9224200528115,True,,
real,c2r,512,1,half-spectrum,0,1,0,1.084e-07,4038.0864141043276,True,,
real,c2r,512,48,half-spectrum,0,1,0,2.092e-07,3977.729811100289,True,,
real,c2r,512,49,half-spectrum,0,1,0,2.092e-07,3992.618693970144,True,,
real,c2r,512,256,half-spectrum,0,1,0,2.092e-07,3990.9094988834113,True,,
real,c2r,512,4096,half-spectrum,0,1,0,2.341e-07,4007.5361458584666,True,,
real,c2r,1024,1,half-spectrum,0,1,0,1.619e-07,3995.33504107967,True,,
real,c2r,1024,48,half-spectrum,0,1,0,1.619e-07,4017.851530807093,True,,
real,c2r,1024,49,half-spectrum,0,1,0,1.619e-07,3987.0573338121176,True,,
real,c2r,1024,256,half-spectrum,0,1,0,1.852e-07,4010.8417188748717,True,,
real,c2r,1024,4096,half-spectrum,0,1,0,2.383e-07,3987.4641799833626,True,,
real,c2r,2048,1,half-spectrum,0,1,0,1.565e-07,4004.15719114244,True,,
real,c2r,2048,48,half-spectrum,0,1,0,1.925e-07,4026.256724027917,True,,
real,c2r,2048,49,half-spectrum,0,1,0,1.925e-07,3977.1504460368305,True,,
real,c2r,2048,256,half-spectrum,0,1,0,2.025e-07,3993.4297089930624,True,,
real,c2r,2048,4096,half-spectrum,0,1,0,2.383e-07,4015.7179401721805,True,,
real,c2r,4096,1,half-spectrum,0,1,0,1.349e-07,3994.967643870041,True,,
real,c2r,4096,48,half-spectrum,0,1,0,1.818e-07,4017.182873096317,True,,
real,c2r,4096,49,half-spectrum,0,1,0,1.818e-07,3980.1821671426296,True,,
real,c2r,4096,256,half-spectrum,0,1,0,2.191e-07,3997.0727951731533,True,,
real,c2r,4096,4096,half-spectrum,0,1,0,2.372e-07,6006.975882919505,True,,
real,r2c,128,1,sin,0,1,0,2.676e-08,3998.036286793649,True,,
real,r2c,128,48,sin,0,1,0,1.14e-07,3994.622039142996,True,,
real,r2c,128,49,sin,0,1,0,1.14e-07,4021.067121066153,True,,
real,r2c,128,256,sin,0,1,0,1.567e-07,4002.1790771279484,True,,
real,r2c,128,4096,sin,0,1,0,2.255e-07,3975.5571589339525,True,,
real,r2c,256,1,sin,0,1,0,8.63e-08,4017.42874388583,True,,
real,r2c,256,48,sin,0,1,0,1.297e-07,3986.983251059428,True,,
real,r2c,256,49,sin,0,1,0,1.297e-07,4008.2369381561875,True,,
real,r2c,256,256,sin,0,1,0,1.432e-07,3998.4728670679033,True,,
real,r2c,256,4096,sin,0,1,0,1.886e-07,4017.089128959924,True,,
real,r2c,512,1,sin,0,1,0,6.072e-08,3994.9561150278896,True,,
real,r2c,512,48,sin,0,1,0,1.649e-07,3998.728768201545,True,,
real,r2c,512,49,sin,0,1,0,1.649e-07,3994.0154650248587,True,,
real,r2c,512,256,sin,0,1,0,1.649e-07,3988.2067439612,True,,
real,r2c,512,4096,sin,0,1,0,2.367e-07,4015.290231909603,True,,
real,r2c,1024,1,sin,0,1,0,1.238e-07,3997.8123179171234,True,,
real,r2c,1024,48,sin,0,1,0,1.288e-07,4003.4197901841253,True,,
real,r2c,1024,49,sin,0,1,0,1.288e-07,3998.9110759925097,True,,
real,r2c,1024,256,sin,0,1,0,1.821e-07,4015.101824188605,True,,
real,r2c,1024,4096,sin,0,1,0,2.276e-07,3999.6314959134907,True,,
real,r2c,2048,1,sin,0,1,0,8.872e-08,3990.7422941178083,True,,
real,r2c,2048,48,sin,0,1,0,1.541e-07,3988.235116004944,True,,
real,r2c,2048,49,sin,0,1,0,1.541e-07,4014.5588498562574,True,,
real,r2c,2048,256,sin,0,1,0,2.196e-07,4000.474032945931,True,,
real,r2c,2048,4096,sin,0,1,0,3.122e-07,5003.712822915986,True,,
real,r2c,4096,1,sin,0,1,0,3.688e-08,3998.8748237956315,True,,
real,r2c,4096,48,sin,0,1,0,1.385e-07,3991.8077900074422,True,,
real,r2c,4096,49,sin,0,1,0,1.385e-07,4018.2810809928924,True,,
real,r2c,4096,256,sin,0,1,0,1.76e-07,3998.706956859678,True,,
real,r2c,4096,4096,sin,0,1,0,2.341e-07,5999.757493846118,True,,
real,r2c,8192,1,sin,0,1,0,5.999e-08,3987.2208710294217,True,,
real,r2c,8192,48,sin,0,1,0,1.506e-07,4023.8116891123354,True,,
real,r2c,8192,49,sin,0,1,0,1.506e-07,3972.7871189825237,True,,
real,r2c,8192,256,sin,0,1,0,1.951e-07,4016.372042009607,True,,
real,r2c,8192,4096,sin,0,1,0,2.051e-07,7987.457613926381,True,,
application,c2c,1024,32,dl,0,2,0,2.814e-07,4016.5951210074127,True,,
application,c2c,1024,64,radar,0,2,0,1.21e-07,4003.3954239916056,True,,
application,c2c,1024,128,dl,0,2,0,2.814e-07,4001.0711329523474,True,,
application,c2c,1024,256,radar,0,2,0,1.213e-07,3998.63517889753,True,,
application,c2c,2048,14,ofdm,0,2,0,1.571e-07,4000.686865998432,True,,
application,c2c,2048,64,radar,0,2,0,1.209e-07,3993.692266056314,True,,
application,c2c,2048,140,ofdm,0,2,0,1.944e-07,3996.382851852104,True,,
application,c2c,2048,256,radar,0,2,0,1.211e-07,3991.223339922726,True,,
application,c2c,4096,14,ofdm,0,2,0,1.315e-07,4015.9137521404773,True,,
application,c2c,4096,32,dl,0,2,0,2.513e-07,4000.8965849410743,True,,
application,c2c,4096,128,dl,0,2,0,2.844e-07,3996.4802160393447,True,,
application,c2c,4096,140,ofdm,0,2,0,2.251e-07,3994.1632258705795,True,,
application,r2c,256,1,sin,0,2,0,8.63e-08,3987.1500229928643,True,,
application,r2c,256,8,sin,0,2,0,8.63e-08,4019.616061123088,True,,
application,r2c,256,64,sin,0,2,0,1.297e-07,3993.141050916165,True,,
application,r2c,256,256,sin,0,2,0,1.432e-07,4023.319210857153,True,,
application,r2c,512,1,sin,0,2,0,6.072e-08,3971.1932870559394,True,,
application,r2c,512,8,sin,0,2,0,1.292e-07,4015.850219875574,True,,
application,r2c,512,64,sin,0,2,0,1.649e-07,4065.7644679304212,True,,
application,r2c,512,256,sin,0,2,0,1.649e-07,3939.728843048215,True,,
application,r2c,1024,1,sin,0,2,0,1.238e-07,3999.53780695796,True,,
application,r2c,1024,8,sin,0,2,0,1.288e-07,3991.52535200119,True,,
application,r2c,1024,64,sin,0,2,0,1.288e-07,4014.5524628460407,True,,
application,r2c,1024,256,sin,0,2,0,1.821e-07,3990.8413731027395,True,,
application,r2c,2048,1,sin,0,2,0,8.872e-08,3998.2463009655476,True,,
application,r2c,2048,8,sin,0,2,0,1.058e-07,3987.8375940024853,True,,
application,r2c,2048,64,sin,0,2,0,1.541e-07,4010.501218959689,True,,
application,r2c,2048,256,sin,0,2,0,2.196e-07,3987.509970087558,True,,
application,r2c,4096,1,sin,0,2,0,3.688e-08,4013.103630859405,True,,
application,r2c,4096,8,sin,0,2,0,8.243e-08,3996.1622830014676,True,,
application,r2c,4096,64,sin,0,2,0,1.385e-07,4016.0297490656376,True,,
application,r2c,4096,256,sin,0,2,0,1.76e-07,3989.8582310415804,True,,
application,r2c,8192,1,sin,0,2,0,5.999e-08,3991.3754269946367,True,,
application,r2c,8192,8,sin,0,2,0,1.014e-07,4018.2077039498836,True,,
application,r2c,8192,64,sin,0,2,0,1.866e-07,4051.0699721053243,True,,
application,r2c,8192,256,sin,0,2,0,1.951e-07,3939.1396162100136,True,,
c2c,c2c,64,1,sin,0,2,0,5.238e-08,3988.367795944214,True,,
c2c,c2c,64,4,sin,0,2,0,7.05e-08,4009.339108131826,True,,
c2c,c2c,64,16,sin,0,2,0,1.115e-07,4012.8862319979817,True,,
c2c,c2c,64,47,sin,0,2,0,1.142e-07,3991.6676091961563,True,,
c2c,c2c,64,48,sin,0,2,0,1.142e-07,3991.5037530008703,True,,
c2c,c2c,64,49,sin,0,2,0,1.142e-07,4007.069710176438,True,,
c2c,c2c,64,64,sin,0,2,0,1.142e-07,4007.41548393853,True,,
c2c,c2c,64,95,sin,0,2,0,1.629e-07,3988.803025102243,True,,
c2c,c2c,64,96,sin,0,2,0,1.629e-07,4007.662085117772,True,,
c2c,c2c,64,97,sin,0,2,0,1.629e-07,3992.260565981269,True,,
c2c,c2c,64,143,sin,0,2,0,1.629e-07,4012.2374640777707,True,,
c2c,c2c,64,144,sin,0,2,0,1.629e-07,3996.088390937075,True,,
c2c,c2c,64,145,sin,0,2,0,1.629e-07,4053.0084969941527,True,,
c2c,c2c,64,191,sin,0,2,0,1.642e-07,3950.0442598946393,True,,
c2c,c2c,64,192,sin,0,2,0,1.642e-07,3999.9804941471666,True,,
c2c,c2c,64,193,sin,0,2,0,1.642e-07,3995.069469092414,True,,
c2c,c2c,64,256,sin,0,2,0,1.642e-07,4008.0737790558487,True,,
c2c,c2c,64,1024,sin,0,2,0,2.242e-07,3992.230486124754,True,,
c2c,c2c,64,4096,sin,0,2,0,2.336e-07,4014.2204940784723,True,,
c2c,c2c,64,16384,sin,0,2,0,2.336e-07,3995.399362873286,True,,
c2c,c2c,64,262144,sin,0,2,0,2.555e-07,5002.627310110256,True,,
c2c,c2c,128,1,sin,0,2,0,7.413e-08,3998.52961814031,True,,
c2c,c2c,128,4,sin,0,2,0,1.221e-07,4022.5611040368676,True,,
c2c,c2c,128,16,sin,0,2,0,1.221e-07,3968.573496909812,True,,
c2c,c2c,128,47,sin,0,2,0,1.221e-07,4009.720450034365,True,,
c2c,c2c,128,48,sin,0,2,0,1.221e-07,3997.5118529982865,True,,
c2c,c2c,128,49,sin,0,2,0,1.221e-07,4000.263457885012,True,,
c2c,c2c,128,64,sin,0,2,0,1.493e-07,3998.447109013796,True,,
c2c,c2c,128,95,sin,0,2,0,1.493e-07,4070.5638830550015,True,,
c2c,c2c,128,96,sin,0,2,0,1.493e-07,3930.003542918712,True,,
c2c,c2c,128,97,sin,0,2,0,1.493e-07,4015.96244587563,True,,
c2c,c2c,128,143,sin,0,2,0,1.493e-07,3988.57798287645,True,,
c2c,c2c,128,144,sin,0,2,0,1.493e-07,3991.7331491596997,True,,
c2c,c2c,128,145,sin,0,2,0,1.493e-07,4011.6105871275067,True,,
c2c,c2c,128,191,sin,0,2,0,1.634e-07,3995.5905459355563,True,,
c2c,c2c,128,192,sin,0,2,0,1.634e-07,4010.842464165762,True,,
c2c,c2c,128,193,sin,0,2,0,1.634e-07,3984.0623480267823,True,,
c2c,c2c,128,256,sin,0,2,0,1.634e-07,4027.008092030883,True,,
c2c,c2c,128,1024,sin,0,2,0,2.344e-07,3975.1301519572735,True,,
c2c,c2c,128,4096,sin,0,2,0,2.436e-07,4024.7542639262974,True,,
c2c,c2c,128,8192,sin,0,2,0,2.436e-07,3998.213218059391,True,,
c2c,c2c,128,131072,sin,0,2,0,2.711e-07,6115.864877123386,True,,
c2c,c2c,256,1,sin,0,2,0,9.334e-08,3884.1621240135282,True,,
c2c,c2c,256,4,sin,0,2,0,9.334e-08,3997.7706901263446,True,,
c2c,c2c,256,16,sin,0,2,0,1.957e-07,4001.6954198945314,True,,
c2c,c2c,256,47,sin,0,2,0,2.04e-07,3989.974233089015,True,,
c2c,c2c,256,48,sin,0,2,0,2.04e-07,3989.435700001195,True,,
c2c,c2c,256,49,sin,0,2,0,2.04e-07,4011.341926176101,True,,
c2c,c2c,256,64,sin,0,2,0,2.04e-07,3995.2665618620813,True,,
c2c,c2c,256,95,sin,0,2,0,2.215e-07,3996.602999046445,True,,
c2c,c2c,256,96,sin,0,2,0,2.215e-07,4009.4052420463413,True,,
c2c,c2c,256,97,sin,0,2,0,2.286e-07,3998.8129851408303,True,,
c2c,c2c,256,143,sin,0,2,0,2.286e-07,4007.192855933681,True,,
c2c,c2c,256,144,sin,0,2,0,2.286e-07,3994.4419260136783,True,,
c2c,c2c,256,145,sin,0,2,0,2.286e-07,4007.8735759016126,True,,
c2c,c2c,256,191,sin,0,2,0,2.286e-07,4004.9794411752373,True,,
c2c,c2c,256,192,sin,0,2,0,2.286e-07,3986.154338112101,True,,
c2c,c2c,256,193,sin,0,2,0,2.286e-07,4049.2808679118752,True,,
c2c,c2c,256,256,sin,0,2,0,2.286e-07,3958.798445062712,True,,
c2c,c2c,256,1024,sin,0,2,0,2.351e-07,3988.9563121832907,True,,
c2c,c2c,256,4096,sin,0,2,0,2.383e-07,4017.8443228360265,True,,
c2c,c2c,256,65536,sin,0,2,0,3.166e-07,5983.824508963153,True,,
c2c,c2c,512,1,sin,0,2,0,9.059e-08,4007.7695769723505,True,,
c2c,c2c,512,4,sin,0,2,0,1.154e-07,3995.9911960177124,True,,
c2c,c2c,512,16,sin,0,2,0,1.88e-07,4010.12329896912,True,,
c2c,c2c,512,47,sin,0,2,0,1.88e-07,3989.547807024792,True,,
c2c,c2c,512,48,sin,0,2,0,1.88e-07,3998.886971967295,True,,
c2c,c2c,512,49,sin,0,2,0,1.88e-07,4008.162354119122,True,,
c2c,c2c,512,64,sin,0,2,0,1.88e-07,3994.7535928804427,True,,
c2c,c2c,512,95,sin,0,2,0,1.88e-07,4021.9715321436524,True,,
c2c,c2c,512,96,sin,0,2,0,1.88e-07,3994.4018670357764,True,,
c2c,c2c,512,97,sin,0,2,0,1.88e-07,3993.799610994756,True,,
c2c,c2c,512,143,sin,0,2,0,1.957e-07,4003.835025941953,True,,
c2c,c2c,512,144,sin,0,2,0,1.957e-07,3998.5218460205942,True,,
c2c,c2c,512,145,sin,0,2,0,1.957e-07,3997.6523090153933,True,,
c2c,c2c,512,191,sin,0,2,0,2.263e-07,3989.9435341358185,True,,
c2c,c2c,512,192,sin,0,2,0,2.263e-07,4018.5688249766827,True,,
c2c,c2c,512,193,sin,0,2,0,2.263e-07,3999.772561015561,True,,
c2c,c2c,512,256,sin,0,2,0,2.263e-07,3991.1978382151574,True,,
c2c,c2c,512,1024,sin,0,2,0,2.346e-07,3996.5965719893575,True,,
c2c,c2c,512,2048,sin,0,2,0,2.346e-07,4012.5095420517027,True,,
c2c,c2c,512,4096,sin,0,2,0,2.409e-07,3986.231693997979,True,,
c2c,c2c,512,32768,sin,0,2,0,2.89e-07,5996.048869099468,True,,
c2c,c2c,1024,1,sin,0,2,0,6.722e-08,4004.1088189464062,True,,
c2c,c2c,1024,4,sin,0,2,0,1.13e-07,4011.842653853819,True,,
c2c,c2c,1024,16,sin,0,2,0,1.282e-07,4008.221816038713,True,,
c2c,c2c,1024,47,sin,0,2,0,2.329e-07,4014.617744134739,True,,
c2c,c2c,1024,48,sin,0,2,0,2.329e-07,3969.780501211062,True,,
c2c,c2c,1024,49,sin,0,2,0,2.329e-07,4014.8934160824865,True,,
c2c,c2c,1024,64,sin,0,2,0,2.329e-07,3996.3100599125028,True,,
c2c,c2c,1024,95,sin,0,2,0,2.329e-07,3995.9417870268226,True,,
c2c,c2c,1024,96,sin,0,2,0,2.329e-07,3990.4197100549936,True,,
c2c,c2c,1024,97,sin,0,2,0,2.329e-07,4009.235345060006,True,,
c2c,c2c,1024,143,sin,0,2,0,2.329e-07,4011.6024860180914,True,,
c2c,c2c,1024,144,sin,0,2,0,2.329e-07,3991.4891570806503,True,,
c2c,c2c,1024,145,sin,0,2,0,2.329e-07,3996.5695030987263,True,,
c2c,c2c,1024,191,sin,0,2,0,2.329e-07,3992.9559079464525,True,,
c2c,c2c,1024,192,sin,0,2,0,2.329e-07,4017.1126320492476,True,,
c2c,c2c,1024,193,sin,0,2,0,2.329e-07,3999.31763112545,True,,
c2c,c2c,1024,256,sin,0,2,0,2.329e-07,4000.626496039331,True,,
c2c,c2c,1024,1024,sin,0,2,0,2.33e-07,3996.1691559292376,True,,
c2c,c2c,1024,4096,sin,0,2,0,2.364e-07,3998.3102180995047,True,,
c2c,c2c,1024,16384,sin,0,2,0,2.39e-07,6005.326166981831,True,,
c2c,c2c,2048,1,sin,0,2,0,4.525e-08,3995.6258730962873,True,,
c2c,c2c,2048,4,sin,0,2,0,1.177e-07,3991.8745029717684,True,,
c2c,c2c,2048,16,sin,0,2,0,1.177e-07,4011.7596031632274,True,,
c2c,c2c,2048,47,sin,0,2,0,1.896e-07,4016.068866942078,True,,
c2c,c2c,2048,48,sin,0,2,0,1.896e-07,3979.5870680827647,True,,
c2c,c2c,2048,49,sin,0,2,0,1.896e-07,4015.859337989241,True,,
c2c,c2c,2048,64,sin,0,2,0,1.896e-07,4001.9316819962114,True,,
c2c,c2c,2048,95,sin,0,2,0,2.215e-07,3999.4180351495743,True,,
c2c,c2c,2048,96,sin,0,2,0,2.215e-07,3986.594307003543,True,,
c2c,c2c,2048,97,sin,0,2,0,2.215e-07,4009.29624796845,True,,
c2c,c2c,2048,143,sin,0,2,0,2.215e-07,4000.6574979051948,True,,
c2c,c2c,2048,144,sin,0,2,0,2.215e-07,3996.2223381735384,True,,
c2c,c2c,2048,145,sin,0,2,0,2.215e-07,4002.4760770611465,True,,
c2c,c2c,2048,191,sin,0,2,0,2.355e-07,3992.655216017738,True,,
c2c,c2c,2048,192,sin,0,2,0,2.355e-07,4007.8019089996815,True,,
c2c,c2c,2048,193,sin,0,2,0,2.355e-07,3984.229943016544,True,,
c2c,c2c,2048,256,sin,0,2,0,2.355e-07,4487.386418040842,True,,
c2c,c2c,2048,512,sin,0,2,0,2.355e-07,3532.1779020596296,True,,
c2c,c2c,2048,1024,sin,0,2,0,2.355e-07,3988.135838881135,True,,
c2c,c2c,2048,4096,sin,0,2,0,2.381e-07,5011.852249968797,True,,
c2c,c2c,2048,8192,sin,0,2,0,2.381e-07,5999.651007819921,True,,
c2c,c2c,4096,1,sin,0,2,0,1.065e-07,3987.867051968351,True,,
c2c,c2c,4096,4,sin,0,2,0,1.35e-07,4019.511907128617,True,,
c2c,c2c,4096,16,sin,0,2,0,1.35e-07,3997.2656979225576,True,,
c2c,c2c,4096,47,sin,0,2,0,1.399e-07,3995.9381700027734,True,,
c2c,c2c,4096,48,sin,0,2,0,1.399e-07,3997.309028869495,True,,
c2c,c2c,4096,49,sin,0,2,0,1.399e-07,3989.203739911318,True,,
c2c,c2c,4096,64,sin,0,2,0,2.048e-07,4019.623951986432,True,,
c2c,c2c,4096,95,sin,0,2,0,2.186e-07,3986.8923800531775,True,,
c2c,c2c,4096,96,sin,0,2,0,2.186e-07,4016.349649988115,True,,
c2c,c2c,4096,97,sin,0,2,0,2.186e-07,3995.584095129743,True,,
c2c,c2c,4096,143,sin,0,2,0,2.221e-07,3996.4709531050175,True,,
c2c,c2c,4096,144,sin,0,2,0,2.221e-07,3991.7030569631606,True,,
c2c,c2c,4096,145,sin,0,2,0,2.221e-07,4016.196063021198,True,,
c2c,c2c,4096,191,sin,0,2,0,2.221e-07,4003.277527168393,True,,
c2c,c2c,4096,192,sin,0,2,0,2.221e-07,3987.6162610016763,True,,
c2c,c2c,4096,193,sin,0,2,0,2.221e-07,3992.8790281992406,True,,
c2c,c2c,4096,256,sin,0,2,0,2.26e-07,4006.740955868736,True,,
c2c,c2c,4096,1024,sin,0,2,0,2.357e-07,3990.903533063829,True,,
c2c,c2c,4096,4096,sin,0,2,0,2.41e-07,6012.425048975274,True,,
numeric,c2c,1024,48,deterministic-sin-cos,0,2,0,2.329e-07,3998.846444999799,True,,
numeric,c2c,1024,48,random-seeded,0,2,0,2.155e-07,4091.6143760550767,True,,
numeric,c2c,4096,4096,deterministic-sin-cos,0,2,0,2.41e-07,5918.412883998826,True,,
numeric,c2c,4096,4096,random-seeded,0,2,0,2.39e-07,5986.7760729976,True,,
real,c2r,64,1,half-spectrum,0,2,0,9.335e-08,4014.778771903366,True,,
real,c2r,64,48,half-spectrum,0,2,0,1.328e-07,3992.369175888598,True,,
real,c2r,64,49,half-spectrum,0,2,0,1.328e-07,3992.2667320352048,True,,
real,c2r,64,256,half-spectrum,0,2,0,1.971e-07,4015.1719390414655,True,,
real,c2r,64,4096,half-spectrum,0,2,0,2.367e-07,3995.9484948776662,True,,
real,c2r,128,1,half-spectrum,0,2,0,6.52e-08,4000.968027859926,True,,
real,c2r,128,48,half-spectrum,0,2,0,1.558e-07,4000.857142964378,True,,
real,c2r,128,49,half-spectrum,0,2,0,1.558e-07,3993.1705619674176,True,,
real,c2r,128,256,half-spectrum,0,2,0,1.749e-07,4011.450370075181,True,,
real,c2r,128,4096,half-spectrum,0,2,0,2.593e-07,3986.7130529601127,True,,
real,c2r,256,1,half-spectrum,0,2,0,9.611e-08,4081.3093020115048,True,,
real,c2r,256,48,half-spectrum,0,2,0,1.728e-07,3936.1588929314166,True,,
real,c2r,256,49,half-spectrum,0,2,0,1.728e-07,4037.4662519898266,True,,
real,c2r,256,256,half-spectrum,0,2,0,1.835e-07,3953.948760172352,True,,
real,c2r,256,4096,half-spectrum,0,2,0,2.275e-07,3997.2979601006955,True,,
real,c2r,512,1,half-spectrum,0,2,0,1.084e-07,4013.8037810102105,True,,
real,c2r,512,48,half-spectrum,0,2,0,2.092e-07,3999.8099280055612,True,,
real,c2r,512,49,half-spectrum,0,2,0,2.092e-07,3987.946426961571,True,,
real,c2r,512,256,half-spectrum,0,2,0,2.092e-07,4012.322676833719,True,,
real,c2r,512,4096,half-spectrum,0,2,0,2.341e-07,3993.1562410201877,True,,
real,c2r,1024,1,half-spectrum,0,2,0,1.619e-07,3994.1095118410885,True,,
real,c2r,1024,48,half-spectrum,0,2,0,1.619e-07,4019.643943058327,True,,
real,c2r,1024,49,half-spectrum,0,2,0,1.619e-07,3991.909536998719,True,,
real,c2r,1024,256,half-spectrum,0,2,0,1.852e-07,4001.326783094555,True,,
real,c2r,1024,4096,half-spectrum,0,2,0,2.383e-07,3990.2270848397166,True,,
real,c2r,2048,1,half-spectrum,0,2,0,1.565e-07,4013.808862073347,True,,
real,c2r,2048,48,half-spectrum,0,2,0,1.925e-07,4027.77054393664,True,,
real,c2r,2048,49,half-spectrum,0,2,0,1.925e-07,3951.250995043665,True,,
real,c2r,2048,256,half-spectrum,0,2,0,2.025e-07,4014.9682709015906,True,,
real,c2r,2048,4096,half-spectrum,0,2,0,2.383e-07,3995.9126599133015,True,,
real,c2r,4096,1,half-spectrum,0,2,0,1.349e-07,3994.2854889668524,True,,
real,c2r,4096,48,half-spectrum,0,2,0,1.818e-07,4015.3243970125914,True,,
real,c2r,4096,49,half-spectrum,0,2,0,1.818e-07,3993.4772150591016,True,,
real,c2r,4096,256,half-spectrum,0,2,0,2.191e-07,3997.8266819380224,True,,
real,c2r,4096,4096,half-spectrum,0,2,0,2.372e-07,5996.921491110697,True,,
real,r2c,128,1,sin,0,2,0,2.676e-08,4012.187112122774,True,,
real,r2c,128,48,sin,0,2,0,1.14e-07,3996.2464310228825,True,,
real,r2c,128,49,sin,0,2,0,1.14e-07,3988.7160030193627,True,,
real,r2c,128,256,sin,0,2,0,1.567e-07,4010.331185068935,True,,
real,r2c,128,4096,sin,0,2,0,2.255e-07,3990.78188999556,True,,
real,r2c,256,1,sin,0,2,0,8.63e-08,4039.093376137316,True,,
real,r2c,256,48,sin,0,2,0,1.297e-07,3969.3351059686393,True,,
real,r2c,256,49,sin,0,2,0,1.297e-07,4014.2240379936993,True,,
real,r2c,256,256,sin,0,2,0,1.432e-07,3996.7575720511377,True,,
real,r2c,256,4096,sin,0,2,0,1.886e-07,3992.359486874193,True,,
real,r2c,512,1,sin,0,2,0,6.072e-08,3996.0693628527224,True,,
real,r2c,512,48,sin,0,2,0,1.649e-07,4011.2701731268317,True,,
real,r2c,512,49,sin,0,2,0,1.649e-07,3996.513011166826,True,,
real,r2c,512,256,sin,0,2,0,1.649e-07,3995.653515215963,True,,
real,r2c,512,4096,sin,0,2,0,2.367e-07,4011.7288541514426,True,,
real,r2c,1024,1,sin,0,2,0,1.238e-07,4008.1220590509474,True,,
real,r2c,1024,48,sin,0,2,0,1.288e-07,3987.5033400021493,True,,
real,r2c,1024,49,sin,0,2,0,1.288e-07,3995.473353890702,True,,
real,r2c,1024,256,sin,0,2,0,1.821e-07,4023.9584110677242,True,,
real,r2c,1024,4096,sin,0,2,0,2.276e-07,3980.6061228737235,True,,
real,r2c,2048,1,sin,0,2,0,8.872e-08,4017.7934949751943,True,,
real,r2c,2048,48,sin,0,2,0,1.541e-07,3998.7475550733507,True,,
real,r2c,2048,49,sin,0,2,0,1.541e-07,3994.600425940007,True,,
real,r2c,2048,256,sin,0,2,0,2.196e-07,4005.703875096515,True,,
real,r2c,2048,4096,sin,0,2,0,3.122e-07,4980.180583894253,True,,
real,r2c,4096,1,sin,0,2,0,3.688e-08,4012.3764818999916,True,,
real,r2c,4096,48,sin,0,2,0,1.385e-07,3987.4551789835095,True,,
real,r2c,4096,49,sin,0,2,0,1.385e-07,4011.7599349468946,True,,
real,r2c,4096,256,sin,0,2,0,1.76e-07,3988.8953699264675,True,,
real,r2c,4096,4096,sin,0,2,0,2.341e-07,5991.66410905309,True,,
real,r2c,8192,1,sin,0,2,0,5.999e-08,4010.8904079534113,True,,
real,r2c,8192,48,sin,0,2,0,1.506e-07,4017.326386179775,True,,
real,r2c,8192,49,sin,0,2,0,1.506e-07,3997.836756054312,True,,
real,r2c,8192,256,sin,0,2,0,1.951e-07,3992.565454915166,True,,
real,r2c,8192,4096,sin,0,2,0,2.051e-07,9016.464954940602,True,,
application,c2c,1024,32,dl,0,3,0,2.814e-07,3974.849837832153,True,,
application,c2c,1024,64,radar,0,3,0,1.21e-07,4344.0127479843795,True,,
application,c2c,1024,128,dl,0,3,0,2.814e-07,3671.744129853323,True,,
application,c2c,1024,256,radar,0,3,0,1.213e-07,4003.6434058565646,True,,
application,c2c,2048,14,ofdm,0,3,0,1.571e-07,3983.630256028846,True,,
application,c2c,2048,64,radar,0,3,0,1.209e-07,4016.8933761306107,True,,
application,c2c,2048,140,ofdm,0,3,0,1.944e-07,3991.0543949808925,True,,
application,c2c,2048,256,radar,0,3,0,1.211e-07,3996.450916863978,True,,
application,c2c,4096,14,ofdm,0,3,0,1.315e-07,4012.6985260285437,True,,
application,c2c,4096,32,dl,0,3,0,2.513e-07,4000.3754768986255,True,,
application,c2c,4096,128,dl,0,3,0,2.844e-07,3997.0689238980412,True,,
application,c2c,4096,140,ofdm,0,3,0,2.251e-07,3992.6932661328465,True,,
application,r2c,256,1,sin,0,3,0,8.63e-08,4011.2762451171875,True,,
application,r2c,256,8,sin,0,3,0,8.63e-08,3991.89550220035,True,,
application,r2c,256,64,sin,0,3,0,1.297e-07,4003.17091611214,True,,
application,r2c,256,256,sin,0,3,0,1.432e-07,3995.530417887494,True,,
application,r2c,512,1,sin,0,3,0,6.072e-08,4006.199625786394,True,,
application,r2c,512,8,sin,0,3,0,1.292e-07,3986.6737071424723,True,,
application,r2c,512,64,sin,0,3,0,1.649e-07,4014.996524900198,True,,
application,r2c,512,256,sin,0,3,0,1.649e-07,3988.2084438577294,True,,
application,r2c,1024,1,sin,0,3,0,1.238e-07,4016.7016279883683,True,,
application,r2c,1024,8,sin,0,3,0,1.288e-07,3996.503699803725,True,,
application,r2c,1024,64,sin,0,3,0,1.288e-07,3991.074677091092,True,,
application,r2c,1024,256,sin,0,3,0,1.821e-07,4015.829890035093,True,,
application,r2c,2048,1,sin,0,3,0,8.872e-08,3989.756500115618,True,,
application,r2c,2048,8,sin,0,3,0,1.058e-07,3988.1779118441045,True,,
application,r2c,2048,64,sin,0,3,0,1.541e-07,4013.1884070578963,True,,
application,r2c,2048,256,sin,0,3,0,2.196e-07,3998.3146979939193,True,,
application,r2c,4096,1,sin,0,3,0,3.688e-08,3990.7006598077714,True,,
application,r2c,4096,8,sin,0,3,0,8.243e-08,4012.4483900144696,True,,
application,r2c,4096,64,sin,0,3,0,1.385e-07,3988.895636983216,True,,
application,r2c,4096,256,sin,0,3,0,1.76e-07,4020.469784969464,True,,
application,r2c,8192,1,sin,0,3,0,5.999e-08,3998.9570199977607,True,,
application,r2c,8192,8,sin,0,3,0,1.014e-07,3989.234331063926,True,,
application,r2c,8192,64,sin,0,3,0,1.866e-07,4013.690702849999,True,,
application,r2c,8192,256,sin,0,3,0,1.951e-07,3992.885099025443,True,,
c2c,c2c,64,1,sin,0,3,0,5.238e-08,3995.2660009730607,True,,
c2c,c2c,64,4,sin,0,3,0,7.05e-08,4018.187567126006,True,,
c2c,c2c,64,16,sin,0,3,0,1.115e-07,3993.7187139876187,True,,
c2c,c2c,64,47,sin,0,3,0,1.142e-07,3987.87181195803,True,,
c2c,c2c,64,48,sin,0,3,0,1.142e-07,4012.032562866807,True,,
c2c,c2c,64,49,sin,0,3,0,1.142e-07,3998.766541015357,True,,
c2c,c2c,64,64,sin,0,3,0,1.142e-07,3995.7304699346423,True,,
c2c,c2c,64,95,sin,0,3,0,1.629e-07,3986.395228886977,True,,
c2c,c2c,64,96,sin,0,3,0,1.629e-07,4009.8784000147134,True,,
c2c,c2c,64,97,sin,0,3,0,1.629e-07,4012.325143907219,True,,
c2c,c2c,64,143,sin,0,3,0,1.629e-07,3999.5492449961603,True,,
c2c,c2c,64,144,sin,0,3,0,1.629e-07,3996.282213833183,True,,
c2c,c2c,64,145,sin,0,3,0,1.629e-07,3986.919421935454,True,,
c2c,c2c,64,191,sin,0,3,0,1.642e-07,4007.818429963663,True,,
c2c,c2c,64,192,sin,0,3,0,1.642e-07,4007.8961341641843,True,,
c2c,c2c,64,193,sin,0,3,0,1.642e-07,3987.0640279259533,True,,
c2c,c2c,64,256,sin,0,3,0,1.642e-07,4017.521679168567,True,,
c2c,c2c,64,1024,sin,0,3,0,2.242e-07,3991.2844400387257,True,,
c2c,c2c,64,4096,sin,0,3,0,2.336e-07,4015.1079441420734,True,,
c2c,c2c,64,16384,sin,0,3,0,2.336e-07,3996.066765161231,True,,
c2c,c2c,64,262144,sin,0,3,0,2.555e-07,4987.1814989019185,True,,
c2c,c2c,128,1,sin,0,3,0,7.413e-08,4008.5011201445013,True,,
c2c,c2c,128,4,sin,0,3,0,1.221e-07,4002.0357719622552,True,,
c2c,c2c,128,16,sin,0,3,0,1.221e-07,3991.563390940428,True,,
c2c,c2c,128,47,sin,0,3,0,1.221e-07,4021.5940929483622,True,,
c2c,c2c,128,48,sin,0,3,0,1.221e-07,3975.1045268494636,True,,
c2c,c2c,128,49,sin,0,3,0,1.221e-07,4012.0877269655466,True,,
c2c,c2c,128,64,sin,0,3,0,1.493e-07,3995.6978580448776,True,,
c2c,c2c,128,95,sin,0,3,0,1.493e-07,4003.6555021069944,True,,
c2c,c2c,128,96,sin,0,3,0,1.493e-07,3999.4981319177896,True,,
c2c,c2c,128,97,sin,0,3,0,1.493e-07,4004.968899069354,True,,
c2c,c2c,128,143,sin,0,3,0,1.493e-07,3982.65822394751,True,,
c2c,c2c,128,144,sin,0,3,0,1.493e-07,4003.2709760125726,True,,
c2c,c2c,128,145,sin,0,3,0,1.493e-07,4006.9755758158863,True,,
c2c,c2c,128,191,sin,0,3,0,1.634e-07,4011.411187937483,True,,
c2c,c2c,128,192,sin,0,3,0,1.634e-07,3995.771480957046,True,,
c2c,c2c,128,193,sin,0,3,0,1.634e-07,4056.4721589908004,True,,
c2c,c2c,128,256,sin,0,3,0,1.634e-07,3933.5557189770043,True,,
c2c,c2c,128,1024,sin,0,3,0,2.344e-07,4066.1043049767613,True,,
c2c,c2c,128,4096,sin,0,3,0,2.436e-07,3959.7975239157677,True,,
c2c,c2c,128,8192,sin,0,3,0,2.436e-07,3991.419913014397,True,,
c2c,c2c,128,131072,sin,0,3,0,2.711e-07,5998.582694912329,True,,
c2c,c2c,256,1,sin,0,3,0,9.334e-08,3991.2186039146036,True,,
c2c,c2c,256,4,sin,0,3,0,9.334e-08,4011.857927078381,True,,
c2c,c2c,256,16,sin,0,3,0,1.957e-07,3998.150954954326,True,,
c2c,c2c,256,47,sin,0,3,0,2.04e-07,3993.0563629604876,True,,
c2c,c2c,256,48,sin,0,3,0,2.04e-07,4016.6039529722184,True,,
c2c,c2c,256,49,sin,0,3,0,2.04e-07,3990.8668189309537,True,,
c2c,c2c,256,64,sin,0,3,0,2.04e-07,3992.303441045806,True,,
c2c,c2c,256,95,sin,0,3,0,2.215e-07,4012.411121977493,True,,
c2c,c2c,256,96,sin,0,3,0,2.215e-07,3995.0380690861493,True,,
c2c,c2c,256,97,sin,0,3,0,2.286e-07,4045.6343598198146,True,,
c2c,c2c,256,143,sin,0,3,0,2.286e-07,3957.3004560079426,True,,
c2c,c2c,256,144,sin,0,3,0,2.286e-07,3996.678999857977,True,,
c2c,c2c,256,145,sin,0,3,0,2.286e-07,4015.6045299954712,True,,
c2c,c2c,256,191,sin,0,3,0,2.286e-07,3997.5601548794657,True,,
c2c,c2c,256,192,sin,0,3,0,2.286e-07,3990.6311410013586,True,,
c2c,c2c,256,193,sin,0,3,0,2.286e-07,4015.6906419433653,True,,
c2c,c2c,256,256,sin,0,3,0,2.286e-07,3990.9633728675544,True,,
c2c,c2c,256,1024,sin,0,3,0,2.351e-07,3992.956368951127,True,,
c2c,c2c,256,4096,sin,0,3,0,2.383e-07,4018.7586341053247,True,,
c2c,c2c,256,65536,sin,0,3,0,3.166e-07,5980.300718918443,True,,
c2c,c2c,512,1,sin,0,3,0,9.059e-08,4007.6022220309824,True,,
c2c,c2c,512,4,sin,0,3,0,1.154e-07,3991.361041087657,True,,
c2c,c2c,512,16,sin,0,3,0,1.88e-07,4008.0662020482123,True,,
c2c,c2c,512,47,sin,0,3,0,1.88e-07,3990.972953848541,True,,
c2c,c2c,512,48,sin,0,3,0,1.88e-07,4016.948437085375,True,,
c2c,c2c,512,49,sin,0,3,0,1.88e-07,3995.877204928547,True,,
c2c,c2c,512,64,sin,0,3,0,1.88e-07,3988.340270007029,True,,
c2c,c2c,512,95,sin,0,3,0,1.88e-07,4011.374695925042,True,,
c2c,c2c,512,96,sin,0,3,0,1.88e-07,3995.872674975544,True,,
c2c,c2c,512,97,sin,0,3,0,1.88e-07,4015.9011110663414,True,,
c2c,c2c,512,143,sin,0,3,0,1.957e-07,3998.1086819898337,True,,
c2c,c2c,512,144,sin,0,3,0,1.957e-07,3988.6628538370132,True,,
c2c,c2c,512,145,sin,0,3,0,1.957e-07,3998.2924598734826,True,,
c2c,c2c,512,191,sin,0,3,0,2.263e-07,4014.028239995241,True,,
c2c,c2c,512,192,sin,0,3,0,2.263e-07,3995.8572038449347,True,,
c2c,c2c,512,193,sin,0,3,0,2.263e-07,3995.3219210729003,True,,
c2c,c2c,512,256,sin,0,3,0,2.263e-07,3995.6236339639872,True,,
c2c,c2c,512,1024,sin,0,3,0,2.346e-07,4015.6563911587,True,,
c2c,c2c,512,2048,sin,0,3,0,2.346e-07,4002.728841966018,True,,
c2c,c2c,512,4096,sin,0,3,0,2.409e-07,3997.719804989174,True,,
c2c,c2c,512,32768,sin,0,3,0,2.89e-07,6004.904671804979,True,,
c2c,c2c,1024,1,sin,0,3,0,6.722e-08,3989.383925218135,True,,
c2c,c2c,1024,4,sin,0,3,0,1.13e-07,3995.5678021069616,True,,
c2c,c2c,1024,16,sin,0,3,0,1.282e-07,3996.75290286541,True,,
c2c,c2c,1024,47,sin,0,3,0,2.329e-07,4007.4237550143152,True,,
c2c,c2c,1024,48,sin,0,3,0,2.329e-07,3996.567733120173,True,,
c2c,c2c,1024,49,sin,0,3,0,2.329e-07,4010.778957977891,True,,
c2c,c2c,1024,64,sin,0,3,0,2.329e-07,3995.9226679056883,True,,
c2c,c2c,1024,95,sin,0,3,0,2.329e-07,4003.5704581532627,True,,
c2c,c2c,1024,96,sin,0,3,0,2.329e-07,3987.1636210009456,True,,
c2c,c2c,1024,97,sin,0,3,0,2.329e-07,4017.847412964329,True,,
c2c,c2c,1024,143,sin,0,3,0,2.329e-07,3994.916875846684,True,,
c2c,c2c,1024,144,sin,0,3,0,2.329e-07,4037.0436902157962,True,,
c2c,c2c,1024,145,sin,0,3,0,2.329e-07,3978.3537520561367,True,,
c2c,c2c,1024,191,sin,0,3,0,2.329e-07,3987.700754078105,True,,
c2c,c2c,1024,192,sin,0,3,0,2.329e-07,3999.335164902732,True,,
c2c,c2c,1024,193,sin,0,3,0,2.329e-07,3999.650379177183,True,,
c2c,c2c,1024,256,sin,0,3,0,2.329e-07,4014.125732006505,True,,
c2c,c2c,1024,1024,sin,0,3,0,2.33e-07,3994.8119008913636,True,,
c2c,c2c,1024,4096,sin,0,3,0,2.364e-07,3990.497374907136,True,,
c2c,c2c,1024,16384,sin,0,3,0,2.39e-07,5999.86943998374,True,,
c2c,c2c,2048,1,sin,0,3,0,4.525e-08,4012.3251150362194,True,,
c2c,c2c,2048,4,sin,0,3,0,1.177e-07,3995.258309878409,True,,
c2c,c2c,2048,16,sin,0,3,0,1.177e-07,3987.8841030877084,True,,
c2c,c2c,2048,47,sin,0,3,0,1.896e-07,4012.3765878379345,True,,
c2c,c2c,2048,48,sin,0,3,0,1.896e-07,3991.460205987096,True,,
c2c,c2c,2048,49,sin,0,3,0,1.896e-07,4015.4265391174704,True,,
c2c,c2c,2048,64,sin,0,3,0,1.896e-07,3996.7254630755633,True,,
c2c,c2c,2048,95,sin,0,3,0,2.215e-07,3993.2899149134755,True,,
c2c,c2c,2048,96,sin,0,3,0,2.215e-07,3989.516932051629,True,,
c2c,c2c,2048,97,sin,0,3,0,2.215e-07,4007.816990837455,True,,
c2c,c2c,2048,143,sin,0,3,0,2.215e-07,4017.0121770352125,True,,
c2c,c2c,2048,144,sin,0,3,0,2.215e-07,3990.5024650506675,True,,
c2c,c2c,2048,145,sin,0,3,0,2.215e-07,3995.2345590572804,True,,
c2c,c2c,2048,191,sin,0,3,0,2.355e-07,4015.300153987482,True,,
c2c,c2c,2048,192,sin,0,3,0,2.355e-07,3984.069077996537,True,,
c2c,c2c,2048,193,sin,0,3,0,2.355e-07,4015.335875097662,True,,
c2c,c2c,2048,256,sin,0,3,0,2.355e-07,3988.624894991517,True,,
c2c,c2c,2048,512,sin,0,3,0,2.355e-07,4011.8380521889776,True,,
c2c,c2c,2048,1024,sin,0,3,0,2.355e-07,3995.6351660657674,True,,
c2c,c2c,2048,4096,sin,0,3,0,2.381e-07,4999.706170987338,True,,
c2c,c2c,2048,8192,sin,0,3,0,2.381e-07,5994.3122051190585,True,,
c2c,c2c,4096,1,sin,0,3,0,1.065e-07,4005.8327689766884,True,,
c2c,c2c,4096,4,sin,0,3,0,1.35e-07,3988.305872073397,True,,
c2c,c2c,4096,16,sin,0,3,0,1.35e-07,4011.9783938862383,True,,
c2c,c2c,4096,47,sin,0,3,0,1.399e-07,3994.593483163044,True,,
c2c,c2c,4096,48,sin,0,3,0,1.399e-07,4021.0728810634464,True,,
c2c,c2c,4096,49,sin,0,3,0,1.399e-07,3992.014056071639,True,,
c2c,c2c,4096,64,sin,0,3,0,2.048e-07,4016.3285438902676,True,,
c2c,c2c,4096,95,sin,0,3,0,2.186e-07,3978.60866994597,True,,
c2c,c2c,4096,96,sin,0,3,0,2.186e-07,3990.5562850181013,True,,
c2c,c2c,4096,97,sin,0,3,0,2.186e-07,4003.6623291671276,True,,
c2c,c2c,4096,143,sin,0,3,0,2.221e-07,4017.572980141267,True,,
c2c,c2c,4096,144,sin,0,3,0,2.221e-07,3987.369215115905,True,,
c2c,c2c,4096,145,sin,0,3,0,2.221e-07,3991.8572399765253,True,,
c2c,c2c,4096,191,sin,0,3,0,2.221e-07,4023.415839066729,True,,
c2c,c2c,4096,192,sin,0,3,0,2.221e-07,3995.1862969901413,True,,
c2c,c2c,4096,193,sin,0,3,0,2.221e-07,3985.234067076817,True,,
c2c,c2c,4096,256,sin,0,3,0,2.26e-07,4018.194963922724,True,,
c2c,c2c,4096,1024,sin,0,3,0,2.357e-07,3995.9630691446364,True,,
c2c,c2c,4096,4096,sin,0,3,0,2.41e-07,6002.703348174691,True,,
numeric,c2c,1024,48,deterministic-sin-cos,0,3,0,2.329e-07,3991.93780310452,True,,
numeric,c2c,1024,48,random-seeded,0,3,0,2.155e-07,3993.4276349376887,True,,
numeric,c2c,4096,4096,deterministic-sin-cos,0,3,0,2.41e-07,6001.483110012487,True,,
numeric,c2c,4096,4096,random-seeded,0,3,0,2.39e-07,5996.002621948719,True,,
real,c2r,64,1,half-spectrum,0,3,0,9.335e-08,4014.431889168918,True,,
real,c2r,64,48,half-spectrum,0,3,0,1.328e-07,3991.4839931298047,True,,
real,c2r,64,49,half-spectrum,0,3,0,1.328e-07,4019.6081718895584,True,,
real,c2r,64,256,half-spectrum,0,3,0,1.971e-07,3999.338306952268,True,,
real,c2r,64,4096,half-spectrum,0,3,0,2.367e-07,3996.8986741732806,True,,
real,c2r,128,1,half-spectrum,0,3,0,6.52e-08,3994.572534924373,True,,
real,c2r,128,48,half-spectrum,0,3,0,1.558e-07,3984.3612799886614,True,,
real,c2r,128,49,half-spectrum,0,3,0,1.558e-07,4009.7995738033205,True,,
real,c2r,128,256,half-spectrum,0,3,0,1.749e-07,4008.7430791463703,True,,
real,c2r,128,4096,half-spectrum,0,3,0,2.593e-07,3994.7885449510068,True,,
real,c2r,256,1,half-spectrum,0,3,0,9.611e-08,4015.7966390252113,True,,
real,c2r,256,48,half-spectrum,0,3,0,1.728e-07,3994.0001911018044,True,,
real,c2r,256,49,half-spectrum,0,3,0,1.728e-07,3988.379132002592,True,,
real,c2r,256,256,half-spectrum,0,3,0,1.835e-07,4010.944521985948,True,,
real,c2r,256,4096,half-spectrum,0,3,0,2.275e-07,4002.933402080089,True,,
real,c2r,512,1,half-spectrum,0,3,0,1.084e-07,3993.034460116178,True,,
real,c2r,512,48,half-spectrum,0,3,0,2.092e-07,3996.123132063076,True,,
real,c2r,512,49,half-spectrum,0,3,0,2.092e-07,4015.0308259762824,True,,
real,c2r,512,256,half-spectrum,0,3,0,2.092e-07,3987.9309819079936,True,,
real,c2r,512,4096,half-spectrum,0,3,0,2.341e-07,4015.33976290375,True,,
real,c2r,1024,1,half-spectrum,0,3,0,1.619e-07,3996.061551850289,True,,
real,c2r,1024,48,half-spectrum,0,3,0,1.619e-07,3987.9220670554787,True,,
real,c2r,1024,49,half-spectrum,0,3,0,1.619e-07,4015.693745110184,True,,
real,c2r,1024,256,half-spectrum,0,3,0,1.852e-07,3987.227465957403,True,,
real,c2r,1024,4096,half-spectrum,0,3,0,2.383e-07,3992.1015831641853,True,,
real,c2r,2048,1,half-spectrum,0,3,0,1.565e-07,4016.5435320232064,True,,
real,c2r,2048,48,half-spectrum,0,3,0,1.925e-07,3999.121582135558,True,,
real,c2r,2048,49,half-spectrum,0,3,0,1.925e-07,3998.7515958491713,True,,
real,c2r,2048,256,half-spectrum,0,3,0,2.025e-07,3984.3104330357164,True,,
real,c2r,2048,4096,half-spectrum,0,3,0,2.383e-07,4019.1557130310684,True,,
real,c2r,4096,1,half-spectrum,0,3,0,1.349e-07,3998.382051009685,True,,
real,c2r,4096,48,half-spectrum,0,3,0,1.818e-07,3998.7468561157584,True,,
real,c2r,4096,49,half-spectrum,0,3,0,1.818e-07,3992.1482549980283,True,,
real,c2r,4096,256,half-spectrum,0,3,0,2.191e-07,4015.7144758850336,True,,
real,c2r,4096,4096,half-spectrum,0,3,0,2.372e-07,5988.744240952656,True,,
real,r2c,128,1,sin,0,3,0,2.676e-08,4019.040253944695,True,,
real,r2c,128,48,sin,0,3,0,1.14e-07,3990.699391113594,True,,
real,r2c,128,49,sin,0,3,0,1.14e-07,3994.565353030339,True,,
real,r2c,128,256,sin,0,3,0,1.567e-07,4012.7602329012007,True,,
real,r2c,128,4096,sin,0,3,0,2.255e-07,3987.025127047673,True,,
real,r2c,256,1,sin,0,3,0,8.63e-08,4008.42988002114,True,,
real,r2c,256,48,sin,0,3,0,1.297e-07,3999.767873901874,True,,
real,r2c,256,49,sin,0,3,0,1.297e-07,3999.989873962477,True,,
real,r2c,256,256,sin,0,3,0,1.432e-07,3996.192305115983,True,,
real,r2c,256,4096,sin,0,3,0,1.886e-07,4021.787495119497,True,,
real,r2c,512,1,sin,0,3,0,6.072e-08,3993.475917028263,True,,
real,r2c,512,48,sin,0,3,0,1.649e-07,3995.952881872654,True,,
real,r2c,512,49,sin,0,3,0,1.649e-07,3992.3826390877366,True,,
real,r2c,512,256,sin,0,3,0,1.649e-07,4080.3310920018703,True,,
real,r2c,512,4096,sin,0,3,0,2.367e-07,3956.3017119653523,True,,
real,r2c,1024,1,sin,0,3,0,1.238e-07,3999.872381100431,True,,
real,r2c,1024,48,sin,0,3,0,1.288e-07,3975.867480970919,True,,
real,r2c,1024,49,sin,0,3,0,1.288e-07,3990.4365648981184,True,,
real,r2c,1024,256,sin,0,3,0,1.821e-07,4016.013101907447,True,,
real,r2c,1024,4096,sin,0,3,0,2.276e-07,3996.665335027501,True,,
real,r2c,2048,1,sin,0,3,0,8.872e-08,3989.798304857686,True,,
real,r2c,2048,48,sin,0,3,0,1.541e-07,4016.05412713252,True,,
real,r2c,2048,49,sin,0,3,0,1.541e-07,4000.868543051183,True,,
real,r2c,2048,256,sin,0,3,0,2.196e-07,3994.6857059840113,True,,
real,r2c,2048,4096,sin,0,3,0,3.122e-07,4998.296930920333,True,,
real,r2c,4096,1,sin,0,3,0,3.688e-08,3997.39963398315,True,,
real,r2c,4096,48,sin,0,3,0,1.385e-07,4026.277677854523,True,,
real,r2c,4096,49,sin,0,3,0,1.385e-07,3983.7627159431577,True,,
real,r2c,4096,256,sin,0,3,0,1.76e-07,4013.363972073421,True,,
real,r2c,4096,4096,sin,0,3,0,2.341e-07,5979.315521894023,True,,
real,r2c,8192,1,sin,0,3,0,5.999e-08,4020.0272181537002,True,,
real,r2c,8192,48,sin,0,3,0,1.506e-07,3988.124302122742,True,,
real,r2c,8192,49,sin,0,3,0,1.506e-07,3998.610480921343,True,,
real,r2c,8192,256,sin,0,3,0,1.951e-07,3995.856632012874,True,,
real,r2c,8192,4096,sin,0,3,0,2.051e-07,9011.089371982962,True,,
