stage,tier_bytes,direction,n,batch,reps,input,input_bytes,host_avail,device_free,device_total,host_needed,device_needed,decision,reason,returncode,wall_ms,max_rel,rss_growth_mb,correct,failure
case,1048576,c2c,64,2048,3,random-seeded,1048576,1369871970304,65448968192,68719476736,2124928,2123392,run,,0,4003.2,2.527e-07,,True,
soak,1048576,c2c,1024,128,10,random-seeded,1048576,1369871970304,65448968192,68719476736,2539648,2515072,run,,0,4002.9,2.16e-07,,True,
case,1048576,c2c,4096,32,3,random-seeded,1048576,1369871970304,65448968192,68719476736,3866752,3768448,run,,0,4003.0,1.582e-07,,True,
case,1048576,r2c,128,2048,3,random-seeded,1048576,1369871970304,65448968192,68719476736,4355712,3303360,run,,0,4002.6,2.401e-07,,True,
case,1048576,r2c,8192,32,3,random-seeded,1048576,1369871970304,65448968192,68719476736,6129792,4835520,run,,0,4002.9,2.002e-07,,True,
case,1048576,c2r,64,3276,3,half-spectrum,1048320,1369871970304,65448968192,68719476736,1916032,5267840,run,,0,4003.3,2.367e-07,,True,
case,1048576,c2r,4096,63,3,half-spectrum,1036224,1369871970304,65448968192,68719476736,3919936,7868480,run,,0,4003.0,1.818e-07,,True,
case,67108864,c2c,64,131072,3,random-seeded,67108864,1369871970304,65448968192,68719476736,134245504,134243968,run,,0,4003.3,2.871e-07,,True,
soak,67108864,c2c,1024,8192,10,random-seeded,67108864,1369871970304,65448968192,68719476736,134660224,134635648,run,,0,4503.5,2.372e-07,,True,
case,67108864,c2c,4096,2048,3,random-seeded,67108864,1369871970304,65448968192,68719476736,135987328,135889024,run,,0,5503.4,2.382e-07,,True,
case,67108864,r2c,128,131072,3,random-seeded,67108864,1369871970304,65448968192,68719476736,276854400,209741760,run,,0,5004.2,3.246e-07,,True,
case,67108864,r2c,8192,2048,3,random-seeded,67108864,1369871970304,65448968192,68719476736,270499968,203145408,run,,0,5504.0,2.793e-07,,True,
case,67108864,c2r,64,209715,3,half-spectrum,67108800,1369871970304,65448968192,68719476736,120824896,335570240,run,,0,5003.1,2.671e-07,,True,
case,67108864,c2r,4096,4080,3,half-spectrum,67107840,1369871970304,65448968192,68719476736,135806080,403012736,run,,0,6003.7,2.372e-07,,True,
case,268435456,c2c,64,524288,3,random-seeded,268435456,1369871970304,65448968192,68719476736,536898688,536897152,run,,0,8005.4,2.904e-07,,True,
soak,268435456,c2c,1024,32768,10,random-seeded,268435456,1369871970304,65448968192,68719476736,537313408,537288832,run,,0,9505.4,2.472e-07,,True,
case,268435456,c2c,4096,8192,3,random-seeded,268435456,1369871970304,65448968192,68719476736,538640512,538542208,run,,0,9507.2,2.39e-07,,True,
case,268435456,r2c,128,524288,3,random-seeded,268435456,1369871970304,65448968192,68719476736,1107326592,838887360,run,,0,11006.9,3.506e-07,,True,
case,268435456,r2c,8192,8192,3,random-seeded,268435456,1369871970304,65448968192,68719476736,1076199552,807518400,run,,0,15008.0,2.839e-07,,True,
case,268435456,c2r,64,838860,3,half-spectrum,268435200,1369871970304,65448968192,68719476736,483212416,1342202240,run,,0,8004.8,2.671e-07,,True,
case,268435456,c2r,4096,16320,3,half-spectrum,268431360,1369871970304,65448968192,68719476736,537669760,1607037056,run,,0,13006.9,2.372e-07,,True,
case,1073741824,c2c,64,2097152,3,random-seeded,1073741824,1369871970304,65448968192,68719476736,2147511424,2147509888,run,,0,21012.8,2.96e-07,,True,
soak,1073741824,c2c,1024,131072,10,random-seeded,1073741824,1369871970304,65448968192,68719476736,2147926144,2147901568,run,,0,25013.7,2.819e-07,0.0,True,
case,1073741824,c2c,4096,32768,3,random-seeded,1073741824,1369871970304,65448968192,68719476736,2149253248,2149154944,run,,0,26014.9,2.543e-07,,True,
case,1073741824,r2c,128,2097152,3,random-seeded,1073741824,1369871970304,65448968192,68719476736,4429215360,3355469760,run,,0,34019.9,3.506e-07,,True,
case,1073741824,r2c,8192,32768,3,random-seeded,1073741824,1369871970304,65448968192,68719476736,4298997888,3225010368,run,,0,49029.6,3.493e-07,,True,
case,1073741824,c2r,64,3355443,3,half-spectrum,1073741760,1369871970304,65448968192,68719476736,1932764224,5368735040,run,,0,25011.8,2.916e-07,,True,
case,1073741824,c2r,4096,65280,3,half-spectrum,1073725440,1369871970304,65448968192,68719476736,2145124480,6423134336,run,,0,42023.2,2.489e-07,,True,
lifecycle,1048576,c2c,64,2048,2,random-seeded,,,,,,,run,,0,7837.2,,,True,
probe,0,c2c,0,0,0,random-seeded,0,,,,,,run,EXCEPTION:NPU out of memory. Tried to allocate 1.00 GiB (NPU 0; 61.27 GiB total capacity; 60.00 GiB already allocated; 60.00 GiB current active; 789.11 MiB free; 60.12 GiB reserved in total by PyTorch).If reserved memory is >> allocated memory try setting max_split_size_mb to avoid fragmentation.; ALLOCATED:64424540160,0,21094.9,,,True,
