n,batch,ours_us,native_us,speedup
64,1,18.9,81.1,4.291005291005291
64,4,16.1,88.3,5.48447204968944
64,16,16.7,81.9,4.904191616766467
64,64,20.9,84.8,4.057416267942584
64,256,24.5,92.6,3.7795918367346935
64,1024,35.9,97.0,2.701949860724234
64,4096,68.1,101.2,1.4860499265785612
128,1,16.2,77.3,4.771604938271605
128,4,16.0,109.7,6.85625
128,16,14.3,82.4,5.7622377622377625
128,64,20.1,92.8,4.6169154228855716
128,256,27.5,96.2,3.4981818181818185
128,1024,33.0,102.7,3.1121212121212123
128,4096,76.2,118.2,1.5511811023622046
256,1,20.6,84.1,4.08252427184466
256,4,21.0,85.9,4.090476190476191
256,16,19.4,86.5,4.458762886597938
256,64,21.0,97.0,4.619047619047619
256,256,26.2,99.0,3.7786259541984735
256,1024,42.4,107.1,2.525943396226415
256,4096,101.2,131.3,1.2974308300395259
512,1,18.9,85.4,4.518518518518519
512,4,21.8,100.2,4.5963302752293576
512,16,20.0,91.2,4.5600000000000005
512,64,25.7,95.1,3.7003891050583655
512,256,32.2,106.4,3.3043478260869565
512,1024,57.2,144.5,2.5262237762237763
512,4096,159.9,206.5,1.2914321450906816
1024,1,26.5,95.8,3.6150943396226416
1024,4,21.4,99.9,4.668224299065421
1024,16,26.2,101.0,3.854961832061069
1024,64,29.1,97.8,3.360824742268041
1024,256,40.2,103.3,2.5696517412935322
1024,1024,90.3,140.1,1.5514950166112957
1024,4096,317.4,330.7,1.041902961562697
2048,1,23.7,102.0,4.30379746835443
2048,4,26.7,109.5,4.1011235955056184
2048,16,27.2,107.4,3.948529411764706
2048,64,36.3,105.6,2.909090909090909
2048,256,64.9,135.5,2.0878274268104775
2048,1024,198.6,314.2,1.5820745216515608
2048,4096,722.3,993.5,1.375467257372283
4096,1,33.6,105.4,3.136904761904762
4096,4,35.8,116.5,3.2541899441340782
4096,16,36.5,116.6,3.1945205479452055
4096,64,53.0,122.5,2.311320754716981
4096,256,111.6,166.9,1.495519713261649
4096,1024,390.0,423.3,1.0853846153846154
4096,4096,1492.7,2444.7,1.637770483017351
