impl,n,b,trial,reps,us,max_abs,max_rel,status,error
torch_rfft,64,1,0,50,80.42354602366686,,,ok,
torch_irfft,64,1,0,50,133.96097347140312,,,ok,
torch_rfft,64,1,1,50,82.22355972975492,,,ok,
torch_irfft,64,1,1,50,130.84092643111944,,,ok,
torch_rfft,64,1,2,50,81.95312693715096,,,ok,
torch_irfft,64,1,2,50,133.19053687155247,,,ok,
torch_rfft,64,1,3,50,81.46895561367273,,,ok,
torch_irfft,64,1,3,50,132.79053382575512,,,ok,
torch_rfft,64,1,4,50,78.14809214323759,,,ok,
torch_irfft,64,1,4,50,134.2560863122344,,,ok,
torch_rfft,64,4,0,50,87.03896310180426,,,ok,
torch_irfft,64,4,0,50,131.19983486831188,,,ok,
torch_rfft,64,4,1,50,93.68895553052425,,,ok,
torch_irfft,64,4,1,50,131.7955320701003,,,ok,
torch_rfft,64,4,2,50,93.05891580879688,,,ok,
torch_irfft,64,4,2,50,126.88490096479654,,,ok,
torch_rfft,64,4,3,50,90.8789224922657,,,ok,
torch_irfft,64,4,3,50,128.49504128098488,,,ok,
torch_rfft,64,4,4,50,90.97857400774956,,,ok,
torch_irfft,64,4,4,50,126.89048890024424,,,ok,
torch_rfft,64,16,0,50,85.29855404049158,,,ok,
torch_irfft,64,16,0,50,127.27989815175533,,,ok,
torch_rfft,64,16,1,50,82.69899990409613,,,ok,
torch_irfft,64,16,1,50,126.23006477952003,,,ok,
torch_rfft,64,16,2,50,83.83858948945999,,,ok,
torch_irfft,64,16,2,50,126.32983271032572,,,ok,
torch_rfft,64,16,3,50,81.4290251582861,,,ok,
torch_irfft,64,16,3,50,123.89000039547682,,,ok,
torch_rfft,64,16,4,50,79.2584614828229,,,ok,
torch_irfft,64,16,4,50,123.73004574328661,,,ok,
torch_rfft,64,64,0,50,80.1734859123826,,,ok,
torch_irfft,64,64,0,50,132.05991126596928,,,ok,
torch_rfft,64,64,1,50,84.88388266414404,,,ok,
torch_irfft,64,64,1,50,133.01544822752476,,,ok,
torch_rfft,64,64,2,50,83.70843715965748,,,ok,
torch_irfft,64,64,2,50,133.2459505647421,,,ok,
torch_rfft,64,64,3,50,82.47897494584322,,,ok,
torch_irfft,64,64,3,50,134.23559721559286,,,ok,
torch_rfft,64,64,4,50,81.89352229237556,,,ok,
torch_irfft,64,64,4,50,133.29554349184036,,,ok,
torch_rfft,64,256,0,30,87.58390322327614,,,ok,
torch_irfft,64,256,0,30,134.87052638083696,,,ok,
torch_rfft,64,256,1,30,87.6390840858221,,,ok,
torch_irfft,64,256,1,30,133.9958980679512,,,ok,
torch_rfft,64,256,2,30,86.42289321869612,,,ok,
torch_irfft,64,256,2,30,135.72047464549541,,,ok,
torch_rfft,64,256,3,30,87.63396181166172,,,ok,
torch_irfft,64,256,3,30,131.44547119736671,,,ok,
torch_rfft,64,256,4,30,82.54311978816986,,,ok,
torch_irfft,64,256,4,30,133.950961753726,,,ok,
torch_rfft,64,1024,0,30,83.70354771614075,,,ok,
torch_irfft,64,1024,0,30,154.570909217,,,ok,
torch_rfft,64,1024,1,30,82.80412293970585,,,ok,
torch_irfft,64,1024,1,30,149.62605200707912,,,ok,
torch_rfft,64,1024,2,30,82.7533658593893,,,ok,
torch_irfft,64,1024,2,30,155.92703130096197,,,ok,
torch_rfft,64,1024,3,30,88.82349357008934,,,ok,
torch_irfft,64,1024,3,30,154.20594718307257,,,ok,
torch_rfft,64,1024,4,30,87.63396181166172,,,ok,
torch_irfft,64,1024,4,30,153.69185712188482,,,ok,
torch_rfft,64,4096,0,30,87.84397505223751,,,ok,
torch_irfft,64,4096,0,30,169.9269050732255,,,ok,
torch_rfft,64,4096,1,30,92.50396396964788,,,ok,
torch_irfft,64,4096,1,30,169.7475090622902,,,ok,
torch_rfft,64,4096,2,30,92.56403427571058,,,ok,
torch_irfft,64,4096,2,30,170.07230781018734,,,ok,
torch_rfft,64,4096,3,30,94.41410657018423,,,ok,
torch_irfft,64,4096,3,30,169.66206021606922,,,ok,
torch_rfft,64,4096,4,30,85.33289656043053,,,ok,
torch_irfft,64,4096,4,30,164.24700152128935,,,ok,
torch_rfft,128,1,0,50,88.12395390123129,,,ok,
torch_irfft,128,1,0,50,122.75995686650276,,,ok,
torch_rfft,128,1,1,50,86.79903112351894,,,ok,
torch_irfft,128,1,1,50,121.99999764561653,,,ok,
torch_rfft,128,1,2,50,87.7639977261424,,,ok,
torch_irfft,128,1,2,50,122.41501826792955,,,ok,
torch_rfft,128,1,3,50,87.32848800718784,,,ok,
torch_irfft,128,1,3,50,121.3455107063055,,,ok,
torch_rfft,128,1,4,50,87.23896462470293,,,ok,
torch_irfft,128,1,4,50,123.47486335784197,,,ok,
torch_rfft,128,4,0,50,85.1283548399806,,,ok,
torch_irfft,128,4,0,50,123.56485240161419,,,ok,
torch_rfft,128,4,1,50,93.1138638406992,,,ok,
torch_irfft,128,4,1,50,124.47498738765717,,,ok,
torch_rfft,128,4,2,50,93.51386688649654,,,ok,
torch_irfft,128,4,2,50,124.58546552807093,,,ok,
torch_rfft,128,4,3,50,93.18895172327757,,,ok,
torch_irfft,128,4,3,50,125.52004773169756,,,ok,
torch_rfft,128,4,4,50,88.2389722391963,,,ok,
torch_irfft,128,4,4,50,125.4004891961813,,,ok,
torch_rfft,128,16,0,50,79.58314381539822,,,ok,
torch_irfft,128,16,0,50,126.97558850049973,,,ok,
torch_rfft,128,16,1,50,83.13893340528011,,,ok,
torch_irfft,128,16,1,50,126.50492135435343,,,ok,
torch_rfft,128,16,2,50,78.98849435150623,,,ok,
torch_irfft,128,16,2,50,123.47055599093437,,,ok,
torch_rfft,128,16,3,50,79.51399311423302,,,ok,
torch_irfft,128,16,3,50,123.54052159935236,,,ok,
torch_rfft,128,16,4,50,83.25895760208368,,,ok,
torch_irfft,128,16,4,50,126.36033352464437,,,ok,
torch_rfft,128,64,0,30,79.029006883502,,,ok,
torch_irfft,128,64,0,30,134.9160447716713,,,ok,
torch_rfft,128,64,1,30,82.91297126561403,,,ok,
torch_irfft,128,64,1,30,134.70090925693512,,,ok,
torch_rfft,128,64,2,30,78.77859752625227,,,ok,
torch_irfft,128,64,2,30,135.5954445898533,,,ok,
torch_rfft,128,64,3,30,82.9880591481924,,,ok,
torch_irfft,128,64,3,30,135.2509716525674,,,ok,
torch_rfft,128,64,4,30,83.88387504965067,,,ok,
torch_irfft,128,64,4,30,133.9755253866315,,,ok,
torch_rfft,128,256,0,30,90.29905777424574,,,ok,
torch_irfft,128,256,0,30,139.43598605692387,,,ok,
torch_rfft,128,256,1,30,88.95352948457003,,,ok,
torch_irfft,128,256,1,30,140.1860499754548,,,ok,
torch_rfft,128,256,2,30,88.12290616333485,,,ok,
torch_irfft,128,256,2,30,141.57150872051716,,,ok,
torch_rfft,128,256,3,30,89.4690165296197,,,ok,
torch_irfft,128,256,3,30,141.04100409895182,,,ok,
torch_rfft,128,256,4,30,88.75899948179722,,,ok,
torch_irfft,128,256,4,30,139.58103954792023,,,ok,
torch_rfft,128,1024,0,30,92.01397188007832,,,ok,
torch_irfft,128,1024,0,30,168.13690308481455,,,ok,
torch_rfft,128,1024,1,30,91.56891610473394,,,ok,
torch_irfft,128,1024,1,30,168.02700702100992,,,ok,
torch_rfft,128,1024,2,30,91.35401342064142,,,ok,
torch_irfft,128,1024,2,30,169.04703807085752,,,ok,
torch_rfft,128,1024,3,30,91.59906767308712,,,ok,
torch_irfft,128,1024,3,30,169.05192751437426,,,ok,
torch_rfft,128,1024,4,30,90.89859668165445,,,ok,
torch_irfft,128,1024,4,30,167.04201698303223,,,ok,
torch_rfft,128,4096,0,30,97.69399184733629,,,ok,
torch_irfft,128,4096,0,30,185.58301962912083,,,ok,
torch_rfft,128,4096,1,30,96.85405530035496,,,ok,
torch_irfft,128,4096,1,30,184.07299648970366,,,ok,
torch_rfft,128,4096,2,30,95.99945042282343,,,ok,
torch_irfft,128,4096,2,30,185.2276036515832,,,ok,
torch_rfft,128,4096,3,30,96.67908307164907,,,ok,
torch_irfft,128,4096,3,30,185.27801148593426,,,ok,
torch_rfft,128,4096,4,30,96.15952149033546,,,ok,
torch_irfft,128,4096,4,30,184.36310347169638,,,ok,
torch_rfft,256,1,0,50,99.33905676007271,,,ok,
torch_irfft,256,1,0,50,140.94612561166286,,,ok,
torch_rfft,256,1,1,50,99.73393753170967,,,ok,
torch_irfft,256,1,1,50,143.98153871297836,,,ok,
torch_rfft,256,1,2,50,101.47958528250456,,,ok,
torch_irfft,256,1,2,50,141.87092892825603,,,ok,
torch_rfft,256,1,3,50,101.13953612744808,,,ok,
torch_irfft,256,1,3,50,143.6009770259261,,,ok,
torch_rfft,256,1,4,50,99.5689770206809,,,ok,
torch_irfft,256,1,4,50,137.31606304645538,,,ok,
torch_rfft,256,4,0,50,99.47398211807013,,,ok,
torch_irfft,256,4,0,50,146.48109208792448,,,ok,
torch_rfft,256,4,1,50,90.45912884175777,,,ok,
torch_irfft,256,4,1,50,145.96583787351847,,,ok,
torch_rfft,256,4,2,50,89.24899157136679,,,ok,
torch_irfft,256,4,2,50,144.9658302590251,,,ok,
torch_rfft,256,4,3,50,90.75354319065809,,,ok,
torch_irfft,256,4,3,50,143.91099102795124,,,ok,
torch_rfft,256,4,4,50,89.9086007848382,,,ok,
torch_irfft,256,4,4,50,147.96201139688492,,,ok,
torch_rfft,256,16,0,50,99.039520137012,,,ok,
torch_irfft,256,16,0,50,147.90601562708616,,,ok,
torch_rfft,256,16,1,50,92.14389137923717,,,ok,
torch_irfft,256,16,1,50,145.86641918867826,,,ok,
torch_rfft,256,16,2,50,92.30396244674921,,,ok,
torch_irfft,256,16,2,50,144.04102694243193,,,ok,
torch_rfft,256,16,3,50,95.76405864208937,,,ok,
torch_irfft,256,16,3,50,147.11602125316858,,,ok,
torch_rfft,256,16,4,50,97.64393325895071,,,ok,
torch_irfft,256,16,4,50,144.76105570793152,,,ok,
torch_rfft,256,64,0,30,100.8941326290369,,,ok,
torch_irfft,256,64,0,30,148.6465334892273,,,ok,
torch_rfft,256,64,1,30,101.23895481228828,,,ok,
torch_irfft,256,64,1,30,150.42151790112257,,,ok,
torch_rfft,256,64,2,30,100.15454608947039,,,ok,
torch_irfft,256,64,2,30,151.5160547569394,,,ok,
torch_rfft,256,64,3,30,99.21391028910875,,,ok,
torch_irfft,256,64,3,30,151.28660015761852,,,ok,
torch_rfft,256,64,4,30,99.34452828019857,,,ok,
torch_irfft,256,64,4,30,154.99151777476072,,,ok,
torch_rfft,256,256,0,30,101.8639886751771,,,ok,
torch_irfft,256,256,0,30,157.05195255577564,,,ok,
torch_rfft,256,256,1,30,104.53385766595602,,,ok,
torch_irfft,256,256,1,30,157.14694745838642,,,ok,
torch_rfft,256,256,2,30,105.17390910536051,,,ok,
torch_irfft,256,256,2,30,157.9616218805313,,,ok,
torch_rfft,256,256,3,30,103.04444003850222,,,ok,
torch_irfft,256,256,3,30,157.197006046772,,,ok,
torch_rfft,256,256,4,30,103.35503611713648,,,ok,
torch_irfft,256,256,4,30,158.64695888012648,,,ok,
torch_rfft,256,1024,0,30,109.09407865256071,,,ok,
torch_irfft,256,1024,0,30,188.74299712479115,,,ok,
torch_rfft,256,1024,1,30,106.77892714738846,,,ok,
torch_irfft,256,1024,1,30,186.5130616351962,,,ok,
torch_rfft,256,1024,2,30,101.27457790076733,,,ok,
torch_irfft,256,1024,2,30,183.85786097496748,,,ok,
torch_rfft,256,1024,3,30,105.35959154367447,,,ok,
torch_irfft,256,1024,3,30,187.578028999269,,,ok,
torch_rfft,256,1024,4,30,107.74959810078144,,,ok,
torch_irfft,256,1024,4,30,187.68291920423508,,,ok,
torch_rfft,256,4096,0,30,132.0604933425784,,,ok,
torch_irfft,256,4096,0,30,231.72004148364067,,,ok,
torch_rfft,256,4096,1,30,130.84558304399252,,,ok,
torch_irfft,256,4096,1,30,223.6589789390564,,,ok,
torch_rfft,256,4096,2,30,128.2405573874712,,,ok,
torch_irfft,256,4096,2,30,228.55948191136122,,,ok,
torch_rfft,256,4096,3,30,126.50492135435343,,,ok,
torch_irfft,256,4096,3,30,228.70453540235758,,,ok,
torch_rfft,256,4096,4,30,126.77034828811884,,,ok,
torch_irfft,256,4096,4,30,230.88499438017607,,,ok,
torch_rfft,512,1,0,50,90.51884990185499,,,ok,
torch_irfft,512,1,0,50,124.59536083042622,,,ok,
torch_rfft,512,1,1,50,89.18845560401678,,,ok,
torch_irfft,512,1,1,50,119.67006139457226,,,ok,
torch_rfft,512,1,2,50,89.20894470065832,,,ok,
torch_irfft,512,1,2,50,120.1750710606575,,,ok,
torch_rfft,512,1,3,50,87.05898653715849,,,ok,
torch_irfft,512,1,3,50,120.61488814651966,,,ok,
torch_rfft,512,1,4,50,88.69904559105635,,,ok,
torch_irfft,512,1,4,50,119.99055277556181,,,ok,
torch_rfft,512,4,0,50,90.99394083023071,,,ok,
torch_irfft,512,4,0,50,129.40994929522276,,,ok,
torch_rfft,512,4,1,50,93.56404189020395,,,ok,
torch_irfft,512,4,1,50,128.22996359318495,,,ok,
torch_rfft,512,4,2,50,97.92903438210487,,,ok,
torch_irfft,512,4,2,50,129.40098531544209,,,ok,
torch_rfft,512,4,3,50,94.77953426539898,,,ok,
torch_irfft,512,4,3,50,130.06548397243023,,,ok,
torch_rfft,512,4,4,50,97.9291507974267,,,ok,
torch_irfft,512,4,4,50,130.41088823229074,,,ok,
torch_rfft,512,16,0,30,99.22904428094625,,,ok,
torch_irfft,512,16,0,30,132.46049638837576,,,ok,
torch_rfft,512,16,1,30,98.17956015467644,,,ok,
torch_irfft,512,16,1,30,133.2360552623868,,,ok,
torch_rfft,512,16,2,30,97.684096544981,,,ok,
torch_irfft,512,16,2,30,135.0509701296687,,,ok,
torch_rfft,512,16,3,30,110.71993503719568,,,ok,
torch_irfft,512,16,3,30,134.33489948511124,,,ok,
torch_rfft,512,16,4,30,98.3639620244503,,,ok,
torch_irfft,512,16,4,30,134.4259362667799,,,ok,
torch_rfft,512,64,0,30,100.674107670784,,,ok,
torch_irfft,512,64,0,30,161.9469840079546,,,ok,
torch_rfft,512,64,1,30,105.36459740251303,,,ok,
torch_irfft,512,64,1,30,156.5214479342103,,,ok,
torch_rfft,512,64,2,30,101.5394227579236,,,ok,
torch_irfft,512,64,2,30,161.4720094949007,,,ok,
torch_rfft,512,64,3,30,103.04001625627279,,,ok,
torch_irfft,512,64,3,30,161.22707165777683,,,ok,
torch_rfft,512,64,4,30,107.58405551314354,,,ok,
torch_irfft,512,64,4,30,160.69214325398207,,,ok,
torch_rfft,512,256,0,30,112.79003228992224,,,ok,
torch_irfft,512,256,0,30,169.6719555184245,,,ok,
torch_rfft,512,256,1,30,101.23441461473703,,,ok,
torch_irfft,512,256,1,30,172.4924659356475,,,ok,
torch_rfft,512,256,2,30,110.22994294762611,,,ok,
torch_irfft,512,256,2,30,172.06696793437004,,,ok,
torch_rfft,512,256,3,30,110.12994218617678,,,ok,
torch_irfft,512,256,3,30,170.03307584673166,,,ok,
torch_rfft,512,256,4,30,107.1948790922761,,,ok,
torch_irfft,512,256,4,30,172.7419439703226,,,ok,
torch_rfft,512,1024,0,30,118.10497380793095,,,ok,
torch_irfft,512,1024,0,30,200.3235276788473,,,ok,
torch_rfft,512,1024,1,30,114.87002484500408,,,ok,
torch_irfft,512,1024,1,30,199.68801643699408,,,ok,
torch_rfft,512,1024,2,30,114.34010230004787,,,ok,
torch_irfft,512,1024,2,30,200.7185248658061,,,ok,
torch_rfft,512,1024,3,30,113.8950465247035,,,ok,
torch_irfft,512,1024,3,30,204.59352526813745,,,ok,
torch_rfft,512,1024,4,30,115.96991680562496,,,ok,
torch_irfft,512,1024,4,30,202.24356558173895,,,ok,
torch_rfft,512,4096,0,10,173.67256805300713,,,ok,
torch_irfft,512,4096,0,10,308.93844086676836,,,ok,
torch_rfft,512,4096,1,10,175.69796182215214,,,ok,
torch_irfft,512,4096,1,10,305.42805325239897,,,ok,
torch_rfft,512,4096,2,10,173.90702851116657,,,ok,
torch_irfft,512,4096,2,10,305.8179281651974,,,ok,
torch_rfft,512,4096,3,10,174.84254203736782,,,ok,
torch_irfft,512,4096,3,10,304.07262966036797,,,ok,
torch_rfft,512,4096,4,10,174.03753008693457,,,ok,
torch_irfft,512,4096,4,10,305.71839306503534,,,ok,
torch_rfft,1024,1,0,50,101.39448568224907,,,ok,
torch_irfft,1024,1,0,50,131.14046305418015,,,ok,
torch_rfft,1024,1,1,50,97.18898218125105,,,ok,
torch_irfft,1024,1,1,50,131.8054273724556,,,ok,
torch_rfft,1024,1,2,50,100.02951603382826,,,ok,
torch_irfft,1024,1,2,50,129.65057976543903,,,ok,
torch_rfft,1024,1,3,50,99.07886851578951,,,ok,
torch_irfft,1024,1,3,50,130.03603089600801,,,ok,
torch_rfft,1024,1,4,50,96.22401557862759,,,ok,
torch_irfft,1024,1,4,50,129.93556447327137,,,ok,
torch_rfft,1024,4,0,50,101.57935321331024,,,ok,
torch_irfft,1024,4,0,50,143.7660539522767,,,ok,
torch_rfft,1024,4,1,50,102.3740042001009,,,ok,
torch_irfft,1024,4,1,50,145.46094462275505,,,ok,
torch_rfft,1024,4,2,50,101.24908294528723,,,ok,
torch_irfft,1024,4,2,50,147.78098557144403,,,ok,
torch_rfft,1024,4,3,50,98.83451275527477,,,ok,
torch_irfft,1024,4,3,50,146.51601668447256,,,ok,
torch_rfft,1024,4,4,50,101.55944619327784,,,ok,
torch_irfft,1024,4,4,50,146.25582844018936,,,ok,
torch_rfft,1024,16,0,30,99.00960139930248,,,ok,
torch_irfft,1024,16,0,30,152.2265374660492,,,ok,
torch_rfft,1024,16,1,30,97.79399260878563,,,ok,
torch_irfft,1024,16,1,30,153.75646762549877,,,ok,
torch_rfft,1024,16,2,30,102.92441584169865,,,ok,
torch_irfft,1024,16,2,30,153.00640370696783,,,ok,
torch_rfft,1024,16,3,30,101.69437155127525,,,ok,
torch_irfft,1024,16,3,30,159.1320615261793,,,ok,
torch_rfft,1024,16,4,30,100.98947677761316,,,ok,
torch_irfft,1024,16,4,30,158.27198512852192,,,ok,
torch_rfft,1024,64,0,30,106.85902088880539,,,ok,
torch_irfft,1024,64,0,30,173.44707157462835,,,ok,
torch_rfft,1024,64,1,30,107.85949416458607,,,ok,
torch_irfft,1024,64,1,30,169.15705054998398,,,ok,
torch_rfft,1024,64,2,30,110.24007108062506,,,ok,
torch_irfft,1024,64,2,30,171.66195902973413,,,ok,
torch_rfft,1024,64,3,30,104.31488044559956,,,ok,
torch_irfft,1024,64,3,30,169.15705054998398,,,ok,
torch_rfft,1024,64,4,30,108.17009024322033,,,ok,
torch_irfft,1024,64,4,30,171.98198474943638,,,ok,
torch_rfft,1024,256,0,30,115.03987479954958,,,ok,
torch_irfft,1024,256,0,30,183.99744294583797,,,ok,
torch_rfft,1024,256,1,30,112.76442091912031,,,ok,
torch_irfft,1024,256,1,30,181.75749573856592,,,ok,
torch_rfft,1024,256,2,30,109.36451144516468,,,ok,
torch_irfft,1024,256,2,30,185.27288921177387,,,ok,
torch_rfft,1024,256,3,30,112.82996274530888,,,ok,
torch_irfft,1024,256,3,30,187.1379790827632,,,ok,
torch_rfft,1024,256,4,30,111.86010669916868,,,ok,
torch_irfft,1024,256,4,30,179.07703295350075,,,ok,
torch_rfft,1024,1024,0,30,143.220997415483,,,ok,
torch_irfft,1024,1024,0,30,236.72985844314098,,,ok,
torch_rfft,1024,1024,1,30,150.01092106103897,,,ok,
torch_irfft,1024,1024,1,30,239.38983213156462,,,ok,
torch_rfft,1024,1024,2,30,145.9309132769704,,,ok,
torch_irfft,1024,1024,2,30,241.87052622437477,,,ok,
torch_rfft,1024,1024,3,30,142.65603385865688,,,ok,
torch_irfft,1024,1024,3,30,240.37540424615145,,,ok,
torch_rfft,1024,1024,4,30,144.0565101802349,,,ok,
torch_irfft,1024,1024,4,30,239.3599133938551,,,ok,
torch_rfft,1024,4096,0,10,239.97004609555006,,,ok,
torch_irfft,1024,4096,0,10,459.16950330138206,,,ok,
torch_rfft,1024,4096,1,10,236.36501282453537,,,ok,
torch_irfft,1024,4096,1,10,455.91453090310097,,,ok,
torch_rfft,1024,4096,2,10,242.15492885559797,,,ok,
torch_irfft,1024,4096,2,10,458.00500083714724,,,ok,
torch_rfft,1024,4096,3,10,239.10996969789267,,,ok,
torch_irfft,1024,4096,3,10,454.2544484138489,,,ok,
torch_rfft,1024,4096,4,10,237.04057093709707,,,ok,
torch_irfft,1024,4096,4,10,463.73438090085983,,,ok,
torch_rfft,2048,1,0,50,114.11996092647314,,,ok,
torch_irfft,2048,1,0,50,157.74648636579514,,,ok,
torch_rfft,2048,1,1,50,108.549022115767,,,ok,
torch_irfft,2048,1,1,50,159.41704623401165,,,ok,
torch_rfft,2048,1,2,50,107.11909271776676,,,ok,
torch_irfft,2048,1,2,50,157.80155081301928,,,ok,
torch_rfft,2048,1,3,50,114.10959996283054,,,ok,
torch_irfft,2048,1,3,50,157.00154472142458,,,ok,
torch_rfft,2048,1,4,50,101.89460590481758,,,ok,
torch_irfft,2048,1,4,50,158.0868847668171,,,ok,
torch_rfft,2048,4,0,30,107.46507905423641,,,ok,
torch_irfft,2048,4,0,30,161.0614126548171,,,ok,
torch_rfft,2048,4,1,30,106.94947559386492,,,ok,
torch_irfft,2048,4,1,30,160.13148706406355,,,ok,
torch_rfft,2048,4,2,30,112.9545271396637,,,ok,
torch_irfft,2048,4,2,30,158.54195225983858,,,ok,
torch_rfft,2048,4,3,30,113.32996655255556,,,ok,
torch_irfft,2048,4,3,30,159.33706890791655,,,ok,
torch_rfft,2048,4,4,30,112.68502566963434,,,ok,
torch_irfft,2048,4,4,30,159.6570946276188,,,ok,
torch_rfft,2048,16,0,30,111.97489220649004,,,ok,
torch_irfft,2048,16,0,30,173.24252985417843,,,ok,
torch_rfft,2048,16,1,30,112.31494136154652,,,ok,
torch_irfft,2048,16,1,30,173.5376426950097,,,ok,
torch_rfft,2048,16,2,30,112.24451009184122,,,ok,
torch_irfft,2048,16,2,30,175.95745157450438,,,ok,
torch_rfft,2048,16,3,30,113.7895742431283,,,ok,
torch_irfft,2048,16,3,30,171.00258264690638,,,ok,
torch_rfft,2048,16,4,30,118.56504715979099,,,ok,
torch_irfft,2048,16,4,30,172.39199951291084,,,ok,
torch_rfft,2048,64,0,30,117.49006807804108,,,ok,
torch_irfft,2048,64,0,30,194.02848556637764,,,ok,
torch_rfft,2048,64,1,30,117.77004692703485,,,ok,
torch_irfft,2048,64,1,30,195.3128958120942,,,ok,
torch_rfft,2048,64,2,30,119.00009121745825,,,ok,
torch_irfft,2048,64,2,30,197.92304374277592,,,ok,
torch_rfft,2048,64,3,30,116.80496390908957,,,ok,
torch_irfft,2048,64,3,30,193.96899733692408,,,ok,
torch_rfft,2048,64,4,30,117.19996109604836,,,ok,
torch_irfft,2048,64,4,30,192.2480296343565,,,ok,
torch_rfft,2048,256,0,30,142.28594955056906,,,ok,
torch_irfft,2048,256,0,30,237.64988873153925,,,ok,
torch_rfft,2048,256,1,30,143.90656724572182,,,ok,
torch_irfft,2048,256,1,30,236.98993027210236,,,ok,
torch_rfft,2048,256,2,30,149.8865894973278,,,ok,
torch_irfft,2048,256,2,30,234.99003145843744,,,ok,
torch_rfft,2048,256,3,30,149.5365286245942,,,ok,
torch_irfft,2048,256,3,30,235.41506379842758,,,ok,
torch_rfft,2048,256,4,30,150.71150846779346,,,ok,
torch_irfft,2048,256,4,30,244.7250299155712,,,ok,
torch_rfft,2048,1024,0,10,303.038046695292,,,ok,
torch_irfft,2048,1024,0,10,423.33302553743124,,,ok,
torch_rfft,2048,1024,1,10,300.7430350407958,,,ok,
torch_irfft,2048,1024,1,10,420.57305108755827,,,ok,
torch_rfft,2048,1024,2,10,294.6825698018074,,,ok,
torch_irfft,2048,1024,2,10,413.8130461797118,,,ok,
torch_rfft,2048,1024,3,10,297.46792279183865,,,ok,
torch_irfft,2048,1024,3,10,411.6221098229289,,,ok,
torch_rfft,2048,1024,4,10,291.91700741648674,,,ok,
torch_irfft,2048,1024,4,10,404.8924893140793,,,ok,
torch_rfft,2048,4096,0,10,680.9841142967343,,,ok,
torch_irfft,2048,4096,0,10,1170.545001514256,,,ok,
torch_rfft,2048,4096,1,10,682.4739975854754,,,ok,
torch_irfft,2048,4096,1,10,1178.800594061613,,,ok,
torch_rfft,2048,4096,2,10,686.3945163786411,,,ok,
torch_irfft,2048,4096,2,10,1181.0704600065947,,,ok,
torch_rfft,2048,4096,3,10,684.1195281594992,,,ok,
torch_irfft,2048,4096,3,10,1180.010032840073,,,ok,
torch_rfft,2048,4096,4,10,686.1890433356166,,,ok,
torch_irfft,2048,4096,4,10,1182.7005073428154,,,ok,
torch_rfft,4096,1,0,50,109.4951294362545,,,ok,
torch_irfft,4096,1,0,50,183.55308566242456,,,ok,
torch_rfft,4096,1,1,50,117.75002349168062,,,ok,
torch_irfft,4096,1,1,50,186.35299056768417,,,ok,
torch_rfft,4096,1,2,50,117.82499495893717,,,ok,
torch_irfft,4096,1,2,50,184.6778905019164,,,ok,
torch_rfft,4096,1,3,50,117.58494656533003,,,ok,
torch_irfft,4096,1,3,50,183.84295981377363,,,ok,
torch_rfft,4096,1,4,50,122.58545029908419,,,ok,
torch_irfft,4096,1,4,50,183.08754079043865,,,ok,
torch_rfft,4096,4,0,30,114.23486284911633,,,ok,
torch_irfft,4096,4,0,30,190.6480174511671,,,ok,
torch_rfft,4096,4,1,30,115.89494533836842,,,ok,
torch_irfft,4096,4,1,30,192.08795856684446,,,ok,
torch_rfft,4096,4,2,30,114.88993186503649,,,ok,
torch_irfft,4096,4,2,30,191.5729371830821,,,ok,
torch_rfft,4096,4,3,30,115.15500955283642,,,ok,
torch_irfft,4096,4,3,30,192.7234698086977,,,ok,
torch_rfft,4096,4,4,30,116.5799330919981,,,ok,
torch_irfft,4096,4,4,30,190.27304369956255,,,ok,
torch_rfft,4096,16,0,30,117.87493713200092,,,ok,
torch_irfft,4096,16,0,30,202.40352023392916,,,ok,
torch_rfft,4096,16,1,30,118.20998042821884,,,ok,
torch_irfft,4096,16,1,30,202.40852609276772,,,ok,
torch_rfft,4096,16,2,30,118.46993584185839,,,ok,
torch_irfft,4096,16,2,30,201.44390873610973,,,ok,
torch_rfft,4096,16,3,30,116.39005970209837,,,ok,
torch_irfft,4096,16,3,30,202.19897851347923,,,ok,
torch_rfft,4096,16,4,30,114.89505413919687,,,ok,
torch_irfft,4096,16,4,30,200.87347365915775,,,ok,
torch_rfft,4096,64,0,30,113.98503556847572,,,ok,
torch_irfft,4096,64,0,30,212.66890689730644,,,ok,
torch_rfft,4096,64,1,30,112.79457248747349,,,ok,
torch_irfft,4096,64,1,30,214.6241022273898,,,ok,
torch_rfft,4096,64,2,30,113.44999074935913,,,ok,
torch_irfft,4096,64,2,30,213.39952945709229,,,ok,
torch_rfft,4096,64,3,30,110.89944746345282,,,ok,
torch_irfft,4096,64,3,30,212.73898892104626,,,ok,
torch_rfft,4096,64,4,30,112.52996046096087,,,ok,
torch_irfft,4096,64,4,30,212.673912756145,,,ok,
torch_rfft,4096,256,0,30,153.27194705605507,,,ok,
torch_irfft,4096,256,0,30,275.72596445679665,,,ok,
torch_rfft,4096,256,1,30,162.69704792648554,,,ok,
torch_irfft,4096,256,1,30,280.2221570163965,,,ok,
torch_rfft,4096,256,2,30,155.49652744084597,,,ok,
torch_irfft,4096,256,2,30,280.99201153963804,,,ok,
torch_rfft,4096,256,3,30,153.25192362070084,,,ok,
torch_irfft,4096,256,3,30,279.8170316964388,,,ok,
torch_rfft,4096,256,4,30,159.0870087966323,,,ok,
torch_irfft,4096,256,4,30,279.5468317344785,,,ok,
torch_rfft,4096,1024,0,10,350.4256019368768,,,ok,
torch_irfft,4096,1024,0,10,544.223003089428,,,ok,
torch_rfft,4096,1024,1,10,349.7999859973788,,,ok,
torch_irfft,4096,1024,1,10,543.0479068309069,,,ok,
torch_rfft,4096,1024,2,10,351.4199052006006,,,ok,
torch_irfft,4096,1024,2,10,543.8131047412753,,,ok,
torch_rfft,4096,1024,3,10,350.39999056607485,,,ok,
torch_irfft,4096,1024,3,10,545.0729513540864,,,ok,
torch_rfft,4096,1024,4,10,355.0200490280986,,,ok,
torch_irfft,4096,1024,4,10,543.7035579234362,,,ok,
torch_rfft,4096,4096,0,10,1458.5221651941538,,,ok,
torch_irfft,4096,4096,0,10,2738.66206407547,,,ok,
torch_rfft,4096,4096,1,10,1464.552478864789,,,ok,
torch_irfft,4096,4096,1,10,2741.4070209488273,,,ok,
torch_rfft,4096,4096,2,10,1463.1180092692375,,,ok,
torch_irfft,4096,4096,2,10,2736.8870796635747,,,ok,
torch_rfft,4096,4096,3,10,1468.6179347336292,,,ok,
torch_irfft,4096,4096,3,10,2729.776664637029,,,ok,
torch_rfft,4096,4096,4,10,1461.7519918829203,,,ok,
torch_irfft,4096,4096,4,10,2737.2270124033093,,,ok,
torch_rfft,8192,1,0,30,116.60996824502945,,,ok,
torch_irfft,8192,1,0,30,242.06505622714758,,,ok,
torch_rfft,8192,1,1,30,113.88002894818783,,,ok,
torch_irfft,8192,1,1,30,242.79498029500246,,,ok,
torch_rfft,8192,1,2,30,114.42461982369423,,,ok,
torch_irfft,8192,1,2,30,242.2955585643649,,,ok,
torch_rfft,8192,1,3,30,117.03011114150286,,,ok,
torch_irfft,8192,1,3,30,236.10505741089582,,,ok,
torch_rfft,8192,1,4,30,123.08498844504356,,,ok,
torch_irfft,8192,1,4,30,237.60006297379732,,,ok,
torch_rfft,8192,4,0,30,124.05507732182741,,,ok,
torch_irfft,8192,4,0,30,250.77105965465307,,,ok,
torch_rfft,8192,4,1,30,130.27992099523544,,,ok,
torch_irfft,8192,4,1,30,252.4809679016471,,,ok,
torch_rfft,8192,4,2,30,123.85554146021605,,,ok,
torch_irfft,8192,4,2,30,250.28549134731293,,,ok,
torch_rfft,8192,4,3,30,129.4809626415372,,,ok,
torch_irfft,8192,4,3,30,249.5704684406519,,,ok,
torch_rfft,8192,4,4,30,125.05997437983751,,,ok,
torch_irfft,8192,4,4,30,250.33601559698582,,,ok,
torch_rfft,8192,16,0,30,118.99054516106844,,,ok,
torch_irfft,8192,16,0,30,248.57488460838795,,,ok,
torch_rfft,8192,16,1,30,119.14002243429422,,,ok,
torch_irfft,8192,16,1,30,246.5605502948165,,,ok,
torch_rfft,8192,16,2,30,120.3151186928153,,,ok,
torch_irfft,8192,16,2,30,247.13051971048117,,,ok,
torch_rfft,8192,16,3,30,120.63991744071245,,,ok,
torch_irfft,8192,16,3,30,247.92051408439875,,,ok,
torch_rfft,8192,16,4,30,119.8349054902792,,,ok,
torch_irfft,8192,16,4,30,250.3108698874712,,,ok,
torch_rfft,8192,64,0,30,130.9060025960207,,,ok,
torch_irfft,8192,64,0,30,270.3166101127863,,,ok,
torch_rfft,8192,64,1,30,124.63063467293978,,,ok,
torch_irfft,8192,64,1,30,267.5914438441396,,,ok,
torch_rfft,8192,64,2,30,127.8904965147376,,,ok,
torch_irfft,8192,64,2,30,270.97202837467194,,,ok,
torch_rfft,8192,64,3,30,119.7700621560216,,,ok,
torch_irfft,8192,64,3,30,270.50659991800785,,,ok,
torch_rfft,8192,64,4,30,118.59554797410965,,,ok,
torch_irfft,8192,64,4,30,267.4110000953078,,,ok,
torch_rfft,8192,256,0,10,204.7636080533266,,,ok,
torch_irfft,8192,256,0,10,421.2179919704795,,,ok,
torch_rfft,8192,256,1,10,206.35896362364292,,,ok,
torch_irfft,8192,256,1,10,422.343029640615,,,ok,
torch_rfft,8192,256,2,10,205.14405332505703,,,ok,
torch_irfft,8192,256,2,10,423.09798300266266,,,ok,
torch_rfft,8192,256,3,10,204.9135509878397,,,ok,
torch_irfft,8192,256,3,10,420.2179843559861,,,ok,
torch_rfft,8192,256,4,10,212.25400269031525,,,ok,
torch_irfft,8192,256,4,10,423.6380336806178,,,ok,
torch_rfft,8192,1024,0,10,480.6159995496273,,,ok,
torch_irfft,8192,1024,0,10,912.3691124841571,,,ok,
torch_rfft,8192,1024,1,10,485.94095278531313,,,ok,
torch_irfft,8192,1024,1,10,910.5338249355555,,,ok,
torch_rfft,8192,1024,2,10,485.07098108530045,,,ok,
torch_irfft,8192,1024,2,10,909.6635039895773,,,ok,
torch_rfft,8192,1024,3,10,488.01605589687824,,,ok,
torch_irfft,8192,1024,3,10,919.7045583277941,,,ok,
torch_rfft,8192,1024,4,10,481.53556417673826,,,ok,
torch_irfft,8192,1024,4,10,921.2994482368231,,,ok,
torch_rfft,8192,4096,0,10,3765.636123716831,,,ok,
torch_irfft,8192,4096,0,10,6566.161056980491,,,ok,
torch_rfft,8192,4096,1,10,3782.6464977115393,,,ok,
torch_irfft,8192,4096,1,10,6587.350973859429,,,ok,
torch_rfft,8192,4096,2,10,3788.83199300617,,,ok,
torch_irfft,8192,4096,2,10,6595.896556973457,,,ok,
torch_rfft,8192,4096,3,10,3785.3169487789273,,,ok,
torch_irfft,8192,4096,3,10,6588.031072169542,,,ok,
torch_rfft,8192,4096,4,10,3792.6469231024384,,,ok,
torch_irfft,8192,4096,4,10,6591.401528567076,,,ok,
ours_r2c,64,1,0,50,,,,unsupported,r2c unsupported at N=64
ours_c2r,64,1,0,50,63.9,2.235e-08,9.335e-08,ok,
ours_c2r,64,1,1,50,55.7,2.235e-08,9.335e-08,ok,
ours_c2r,64,1,2,50,52.3,2.235e-08,9.335e-08,ok,
ours_c2r,64,1,3,50,80.4,2.235e-08,9.335e-08,ok,
ours_c2r,64,1,4,50,48.8,2.235e-08,9.335e-08,ok,
ours_r2c,64,4,0,50,,,,unsupported,r2c unsupported at N=64
ours_c2r,64,4,0,50,55.8,2.98e-08,1.312e-07,ok,
ours_c2r,64,4,1,50,53.1,2.98e-08,1.312e-07,ok,
ours_c2r,64,4,2,50,55.7,2.98e-08,1.312e-07,ok,
ours_c2r,64,4,3,50,83.8,2.98e-08,1.312e-07,ok,
ours_c2r,64,4,4,50,76.9,2.98e-08,1.312e-07,ok,
ours_r2c,64,16,0,50,,,,unsupported,r2c unsupported at N=64
ours_c2r,64,16,0,50,49.9,2.98e-08,1.312e-07,ok,
ours_c2r,64,16,1,50,60.6,2.98e-08,1.312e-07,ok,
ours_c2r,64,16,2,50,62.3,2.98e-08,1.312e-07,ok,
ours_c2r,64,16,3,50,51.4,2.98e-08,1.312e-07,ok,
ours_c2r,64,16,4,50,56.2,2.98e-08,1.312e-07,ok,
ours_r2c,64,64,0,50,,,,unsupported,r2c unsupported at N=64
ours_c2r,64,64,0,50,86.4,2.98e-08,1.33e-07,ok,
ours_c2r,64,64,1,50,66.5,2.98e-08,1.33e-07,ok,
ours_c2r,64,64,2,50,57.3,2.98e-08,1.33e-07,ok,
ours_c2r,64,64,3,50,58.6,2.98e-08,1.33e-07,ok,
ours_c2r,64,64,4,50,58.7,2.98e-08,1.33e-07,ok,
ours_r2c,64,256,0,30,,,,unsupported,r2c unsupported at N=64
ours_c2r,64,256,0,30,63.5,5.96e-08,1.971e-07,ok,
ours_c2r,64,256,1,30,69.2,5.96e-08,1.971e-07,ok,
ours_c2r,64,256,2,30,67.0,5.96e-08,1.971e-07,ok,
ours_c2r,64,256,3,30,67.5,5.96e-08,1.971e-07,ok,
ours_c2r,64,256,4,30,69.0,5.96e-08,1.971e-07,ok,
ours_r2c,64,1024,0,30,,,,unsupported,r2c unsupported at N=64
ours_c2r,64,1024,0,30,85.5,5.96e-08,2.227e-07,ok,
ours_c2r,64,1024,1,30,83.9,5.96e-08,2.227e-07,ok,
ours_c2r,64,1024,2,30,83.9,5.96e-08,2.227e-07,ok,
ours_c2r,64,1024,3,30,82.3,5.96e-08,2.227e-07,ok,
ours_c2r,64,1024,4,30,87.3,5.96e-08,2.227e-07,ok,
ours_r2c,64,4096,0,30,,,,unsupported,r2c unsupported at N=64
ours_c2r,64,4096,0,30,181.9,5.96e-08,2.367e-07,ok,
ours_c2r,64,4096,1,30,165.5,5.96e-08,2.367e-07,ok,
ours_c2r,64,4096,2,30,164.2,5.96e-08,2.367e-07,ok,
ours_c2r,64,4096,3,30,163.5,5.96e-08,2.367e-07,ok,
ours_c2r,64,4096,4,30,183.2,5.96e-08,2.367e-07,ok,
ours_r2c,128,1,0,50,56.2,1.848e-06,2.676e-08,ok,
ours_r2c,128,1,1,50,84.5,1.848e-06,2.676e-08,ok,
ours_r2c,128,1,2,50,57.5,1.848e-06,2.676e-08,ok,
ours_r2c,128,1,3,50,85.5,1.848e-06,2.676e-08,ok,
ours_r2c,128,1,4,50,61.2,1.848e-06,2.676e-08,ok,
ours_c2r,128,1,0,50,51.7,1.49e-08,6.52e-08,ok,
ours_c2r,128,1,1,50,60.3,1.49e-08,6.52e-08,ok,
ours_c2r,128,1,2,50,57.1,1.49e-08,6.52e-08,ok,
ours_c2r,128,1,3,50,51.9,1.49e-08,6.52e-08,ok,
ours_c2r,128,1,4,50,57.0,1.49e-08,6.52e-08,ok,
ours_r2c,128,4,0,50,78.5,4.888e-06,1.062e-07,ok,
ours_r2c,128,4,1,50,57.8,4.888e-06,1.062e-07,ok,
ours_r2c,128,4,2,50,57.5,4.888e-06,1.062e-07,ok,
ours_r2c,128,4,3,50,81.3,4.888e-06,1.062e-07,ok,
ours_r2c,128,4,4,50,56.5,4.888e-06,1.062e-07,ok,
ours_c2r,128,4,0,50,48.2,2.98e-08,1.414e-07,ok,
ours_c2r,128,4,1,50,57.3,2.98e-08,1.414e-07,ok,
ours_c2r,128,4,2,50,48.3,2.98e-08,1.414e-07,ok,
ours_c2r,128,4,3,50,48.0,2.98e-08,1.414e-07,ok,
ours_c2r,128,4,4,50,79.3,2.98e-08,1.414e-07,ok,
ours_r2c,128,16,0,50,60.3,5.901e-06,1.098e-07,ok,
ours_r2c,128,16,1,50,58.7,5.901e-06,1.098e-07,ok,
ours_r2c,128,16,2,50,83.9,5.901e-06,1.098e-07,ok,
ours_r2c,128,16,3,50,58.9,5.901e-06,1.098e-07,ok,
ours_r2c,128,16,4,50,59.9,5.901e-06,1.098e-07,ok,
ours_c2r,128,16,0,50,84.5,2.98e-08,1.414e-07,ok,
ours_c2r,128,16,1,50,49.7,2.98e-08,1.414e-07,ok,
ours_c2r,128,16,2,50,58.8,2.98e-08,1.414e-07,ok,
ours_c2r,128,16,3,50,81.8,2.98e-08,1.414e-07,ok,
ours_c2r,128,16,4,50,77.3,2.98e-08,1.414e-07,ok,
ours_r2c,128,64,0,30,79.7,8.643e-06,1.14e-07,ok,
ours_r2c,128,64,1,30,68.6,8.643e-06,1.14e-07,ok,
ours_r2c,128,64,2,30,85.8,8.643e-06,1.14e-07,ok,
ours_r2c,128,64,3,30,95.9,8.643e-06,1.14e-07,ok,
ours_r2c,128,64,4,30,87.5,8.643e-06,1.14e-07,ok,
ours_c2r,128,64,0,30,78.6,2.98e-08,1.749e-07,ok,
ours_c2r,128,64,1,30,57.2,2.98e-08,1.749e-07,ok,
ours_c2r,128,64,2,30,87.6,2.98e-08,1.749e-07,ok,
ours_c2r,128,64,3,30,95.0,2.98e-08,1.749e-07,ok,
ours_c2r,128,64,4,30,57.9,2.98e-08,1.749e-07,ok,
ours_r2c,128,256,0,30,79.9,8.643e-06,1.567e-07,ok,
ours_r2c,128,256,1,30,97.5,8.643e-06,1.567e-07,ok,
ours_r2c,128,256,2,30,76.6,8.643e-06,1.567e-07,ok,
ours_r2c,128,256,3,30,77.1,8.643e-06,1.567e-07,ok,
ours_r2c,128,256,4,30,78.1,8.643e-06,1.567e-07,ok,
ours_c2r,128,256,0,30,60.7,2.98e-08,1.749e-07,ok,
ours_c2r,128,256,1,30,66.4,2.98e-08,1.749e-07,ok,
ours_c2r,128,256,2,30,89.2,2.98e-08,1.749e-07,ok,
ours_c2r,128,256,3,30,95.9,2.98e-08,1.749e-07,ok,
ours_c2r,128,256,4,30,59.4,2.98e-08,1.749e-07,ok,
ours_r2c,128,1024,0,30,107.2,8.856e-06,2.134e-07,ok,
ours_r2c,128,1024,1,30,125.8,8.856e-06,2.134e-07,ok,
ours_r2c,128,1024,2,30,106.9,8.856e-06,2.134e-07,ok,
ours_r2c,128,1024,3,30,111.0,8.856e-06,2.134e-07,ok,
ours_r2c,128,1024,4,30,128.6,8.856e-06,2.134e-07,ok,
ours_c2r,128,1024,0,30,87.5,4.47e-08,1.982e-07,ok,
ours_c2r,128,1024,1,30,84.5,4.47e-08,1.982e-07,ok,
ours_c2r,128,1024,2,30,84.3,4.47e-08,1.982e-07,ok,
ours_c2r,128,1024,3,30,86.3,4.47e-08,1.982e-07,ok,
ours_c2r,128,1024,4,30,112.8,4.47e-08,1.982e-07,ok,
ours_r2c,128,4096,0,30,220.2,1.025e-05,2.255e-07,ok,
ours_r2c,128,4096,1,30,242.2,1.025e-05,2.255e-07,ok,
ours_r2c,128,4096,2,30,243.0,1.025e-05,2.255e-07,ok,
ours_r2c,128,4096,3,30,223.2,1.025e-05,2.255e-07,ok,
ours_r2c,128,4096,4,30,247.4,1.025e-05,2.255e-07,ok,
ours_c2r,128,4096,0,30,198.4,4.47e-08,2.593e-07,ok,
ours_c2r,128,4096,1,30,181.3,4.47e-08,2.593e-07,ok,
ours_c2r,128,4096,2,30,192.3,4.47e-08,2.593e-07,ok,
ours_c2r,128,4096,3,30,198.2,4.47e-08,2.593e-07,ok,
ours_c2r,128,4096,4,30,182.2,4.47e-08,2.593e-07,ok,
ours_r2c,256,1,0,50,59.2,8.233e-06,8.63e-08,ok,
ours_r2c,256,1,1,50,59.4,8.233e-06,8.63e-08,ok,
ours_r2c,256,1,2,50,59.9,8.233e-06,8.63e-08,ok,
ours_r2c,256,1,3,50,79.1,8.233e-06,8.63e-08,ok,
ours_r2c,256,1,4,50,58.5,8.233e-06,8.63e-08,ok,
ours_c2r,256,1,0,50,73.7,1.49e-08,9.611e-08,ok,
ours_c2r,256,1,1,50,85.0,1.49e-08,9.611e-08,ok,
ours_c2r,256,1,2,50,85.3,1.49e-08,9.611e-08,ok,
ours_c2r,256,1,3,50,88.3,1.49e-08,9.611e-08,ok,
ours_c2r,256,1,4,50,92.6,1.49e-08,9.611e-08,ok,
ours_r2c,256,4,0,50,56.9,8.44e-06,8.63e-08,ok,
ours_r2c,256,4,1,50,52.0,8.44e-06,8.63e-08,ok,
ours_r2c,256,4,2,50,61.2,8.44e-06,8.63e-08,ok,
ours_r2c,256,4,3,50,59.4,8.44e-06,8.63e-08,ok,
ours_r2c,256,4,4,50,57.8,8.44e-06,8.63e-08,ok,
ours_c2r,256,4,0,50,56.7,1.676e-08,9.882e-08,ok,
ours_c2r,256,4,1,50,84.2,1.676e-08,9.882e-08,ok,
ours_c2r,256,4,2,50,59.4,1.676e-08,9.882e-08,ok,
ours_c2r,256,4,3,50,89.0,1.676e-08,9.882e-08,ok,
ours_c2r,256,4,4,50,55.0,1.676e-08,9.882e-08,ok,
ours_r2c,256,16,0,50,89.1,9.815e-06,1.297e-07,ok,
ours_r2c,256,16,1,50,92.3,9.815e-06,1.297e-07,ok,
ours_r2c,256,16,2,50,61.8,9.815e-06,1.297e-07,ok,
ours_r2c,256,16,3,50,61.3,9.815e-06,1.297e-07,ok,
ours_r2c,256,16,4,50,59.4,9.815e-06,1.297e-07,ok,
ours_c2r,256,16,0,50,57.7,2.98e-08,1.728e-07,ok,
ours_c2r,256,16,1,50,56.9,2.98e-08,1.728e-07,ok,
ours_c2r,256,16,2,50,62.3,2.98e-08,1.728e-07,ok,
ours_c2r,256,16,3,50,84.1,2.98e-08,1.728e-07,ok,
ours_c2r,256,16,4,50,57.7,2.98e-08,1.728e-07,ok,
ours_r2c,256,64,0,30,71.8,1.534e-05,1.297e-07,ok,
ours_r2c,256,64,1,30,90.5,1.534e-05,1.297e-07,ok,
ours_r2c,256,64,2,30,67.7,1.534e-05,1.297e-07,ok,
ours_r2c,256,64,3,30,71.8,1.534e-05,1.297e-07,ok,
ours_r2c,256,64,4,30,67.4,1.534e-05,1.297e-07,ok,
ours_c2r,256,64,0,30,85.8,2.98e-08,1.728e-07,ok,
ours_c2r,256,64,1,30,57.5,2.98e-08,1.728e-07,ok,
ours_c2r,256,64,2,30,84.9,2.98e-08,1.728e-07,ok,
ours_c2r,256,64,3,30,95.3,2.98e-08,1.728e-07,ok,
ours_c2r,256,64,4,30,67.9,2.98e-08,1.728e-07,ok,
ours_r2c,256,256,0,30,106.0,1.628e-05,1.432e-07,ok,
ours_r2c,256,256,1,30,77.8,1.628e-05,1.432e-07,ok,
ours_r2c,256,256,2,30,112.0,1.628e-05,1.432e-07,ok,
ours_r2c,256,256,3,30,98.0,1.628e-05,1.432e-07,ok,
ours_r2c,256,256,4,30,102.3,1.628e-05,1.432e-07,ok,
ours_c2r,256,256,0,30,71.6,2.98e-08,1.835e-07,ok,
ours_c2r,256,256,1,30,88.1,2.98e-08,1.835e-07,ok,
ours_c2r,256,256,2,30,72.2,2.98e-08,1.835e-07,ok,
ours_c2r,256,256,3,30,73.5,2.98e-08,1.835e-07,ok,
ours_c2r,256,256,4,30,69.1,2.98e-08,1.835e-07,ok,
ours_r2c,256,1024,0,30,113.5,2.027e-05,1.886e-07,ok,
ours_r2c,256,1024,1,30,129.4,2.027e-05,1.886e-07,ok,
ours_r2c,256,1024,2,30,114.1,2.027e-05,1.886e-07,ok,
ours_r2c,256,1024,3,30,137.9,2.027e-05,1.886e-07,ok,
ours_r2c,256,1024,4,30,113.3,2.027e-05,1.886e-07,ok,
ours_c2r,256,1024,0,30,97.7,2.98e-08,2.275e-07,ok,
ours_c2r,256,1024,1,30,96.2,2.98e-08,2.275e-07,ok,
ours_c2r,256,1024,2,30,99.0,2.98e-08,2.275e-07,ok,
ours_c2r,256,1024,3,30,99.5,2.98e-08,2.275e-07,ok,
ours_c2r,256,1024,4,30,96.2,2.98e-08,2.275e-07,ok,
ours_r2c,256,4096,0,30,237.5,2.027e-05,1.886e-07,ok,
ours_r2c,256,4096,1,30,258.6,2.027e-05,1.886e-07,ok,
ours_r2c,256,4096,2,30,250.5,2.027e-05,1.886e-07,ok,
ours_r2c,256,4096,3,30,264.0,2.027e-05,1.886e-07,ok,
ours_r2c,256,4096,4,30,256.0,2.027e-05,1.886e-07,ok,
ours_c2r,256,4096,0,30,223.9,2.98e-08,2.275e-07,ok,
ours_c2r,256,4096,1,30,213.2,2.98e-08,2.275e-07,ok,
ours_c2r,256,4096,2,30,212.9,2.98e-08,2.275e-07,ok,
ours_c2r,256,4096,3,30,226.1,2.98e-08,2.275e-07,ok,
ours_c2r,256,4096,4,30,229.9,2.98e-08,2.275e-07,ok,
ours_r2c,512,1,0,50,61.5,1.318e-05,6.072e-08,ok,
ours_r2c,512,1,1,50,63.1,1.318e-05,6.072e-08,ok,
ours_r2c,512,1,2,50,63.9,1.318e-05,6.072e-08,ok,
ours_r2c,512,1,3,50,76.5,1.318e-05,6.072e-08,ok,
ours_r2c,512,1,4,50,61.4,1.318e-05,6.072e-08,ok,
ours_c2r,512,1,0,50,57.2,1.49e-08,1.084e-07,ok,
ours_c2r,512,1,1,50,65.3,1.49e-08,1.084e-07,ok,
ours_c2r,512,1,2,50,61.8,1.49e-08,1.084e-07,ok,
ours_c2r,512,1,3,50,58.3,1.49e-08,1.084e-07,ok,
ours_c2r,512,1,4,50,58.4,1.49e-08,1.084e-07,ok,
ours_r2c,512,4,0,50,69.1,1.732e-05,8.473e-08,ok,
ours_r2c,512,4,1,50,67.2,1.732e-05,8.473e-08,ok,
ours_r2c,512,4,2,50,62.2,1.732e-05,8.473e-08,ok,
ours_r2c,512,4,3,50,62.1,1.732e-05,8.473e-08,ok,
ours_r2c,512,4,4,50,61.3,1.732e-05,8.473e-08,ok,
ours_c2r,512,4,0,50,57.1,1.49e-08,1.127e-07,ok,
ours_c2r,512,4,1,50,88.9,1.49e-08,1.127e-07,ok,
ours_c2r,512,4,2,50,56.9,1.49e-08,1.127e-07,ok,
ours_c2r,512,4,3,50,62.1,1.49e-08,1.127e-07,ok,
ours_c2r,512,4,4,50,56.7,1.49e-08,1.127e-07,ok,
ours_r2c,512,16,0,30,71.7,3.656e-05,1.339e-07,ok,
ours_r2c,512,16,1,30,84.8,3.656e-05,1.339e-07,ok,
ours_r2c,512,16,2,30,83.5,3.656e-05,1.339e-07,ok,
ours_r2c,512,16,3,30,60.9,3.656e-05,1.339e-07,ok,
ours_r2c,512,16,4,30,82.9,3.656e-05,1.339e-07,ok,
ours_c2r,512,16,0,30,78.9,1.49e-08,1.541e-07,ok,
ours_c2r,512,16,1,30,85.2,1.49e-08,1.541e-07,ok,
ours_c2r,512,16,2,30,62.5,1.49e-08,1.541e-07,ok,
ours_c2r,512,16,3,30,62.8,1.49e-08,1.541e-07,ok,
ours_c2r,512,16,4,30,70.4,1.49e-08,1.541e-07,ok,
ours_r2c,512,64,0,30,103.7,3.656e-05,1.649e-07,ok,
ours_r2c,512,64,1,30,77.5,3.656e-05,1.649e-07,ok,
ours_r2c,512,64,2,30,68.5,3.656e-05,1.649e-07,ok,
ours_r2c,512,64,3,30,66.6,3.656e-05,1.649e-07,ok,
ours_r2c,512,64,4,30,66.9,3.656e-05,1.649e-07,ok,
ours_c2r,512,64,0,30,72.5,2.235e-08,2.092e-07,ok,
ours_c2r,512,64,1,30,64.8,2.235e-08,2.092e-07,ok,
ours_c2r,512,64,2,30,75.1,2.235e-08,2.092e-07,ok,
ours_c2r,512,64,3,30,64.0,2.235e-08,2.092e-07,ok,
ours_c2r,512,64,4,30,68.5,2.235e-08,2.092e-07,ok,
ours_r2c,512,256,0,30,84.2,4.26e-05,1.649e-07,ok,
ours_r2c,512,256,1,30,108.6,4.26e-05,1.649e-07,ok,
ours_r2c,512,256,2,30,85.3,4.26e-05,1.649e-07,ok,
ours_r2c,512,256,3,30,87.5,4.26e-05,1.649e-07,ok,
ours_r2c,512,256,4,30,102.7,4.26e-05,1.649e-07,ok,
ours_c2r,512,256,0,30,92.9,2.98e-08,2.092e-07,ok,
ours_c2r,512,256,1,30,70.1,2.98e-08,2.092e-07,ok,
ours_c2r,512,256,2,30,75.3,2.98e-08,2.092e-07,ok,
ours_c2r,512,256,3,30,93.7,2.98e-08,2.092e-07,ok,
ours_c2r,512,256,4,30,83.5,2.98e-08,2.092e-07,ok,
ours_r2c,512,1024,0,30,149.2,4.628e-05,2.353e-07,ok,
ours_r2c,512,1024,1,30,141.5,4.628e-05,2.353e-07,ok,
ours_r2c,512,1024,2,30,143.8,4.628e-05,2.353e-07,ok,
ours_r2c,512,1024,3,30,144.8,4.628e-05,2.353e-07,ok,
ours_r2c,512,1024,4,30,146.0,4.628e-05,2.353e-07,ok,
ours_c2r,512,1024,0,30,118.5,2.98e-08,2.092e-07,ok,
ours_c2r,512,1024,1,30,118.4,2.98e-08,2.092e-07,ok,
ours_c2r,512,1024,2,30,120.1,2.98e-08,2.092e-07,ok,
ours_c2r,512,1024,3,30,131.8,2.98e-08,2.092e-07,ok,
ours_c2r,512,1024,4,30,117.9,2.98e-08,2.092e-07,ok,
ours_r2c,512,4096,0,10,269.5,5.057e-05,2.367e-07,ok,
ours_r2c,512,4096,1,10,282.0,5.057e-05,2.367e-07,ok,
ours_r2c,512,4096,2,10,295.4,5.057e-05,2.367e-07,ok,
ours_r2c,512,4096,3,10,279.4,5.057e-05,2.367e-07,ok,
ours_r2c,512,4096,4,10,282.0,5.057e-05,2.367e-07,ok,
ours_c2r,512,4096,0,10,288.4,2.98e-08,2.341e-07,ok,
ours_c2r,512,4096,1,10,284.2,2.98e-08,2.341e-07,ok,
ours_c2r,512,4096,2,10,285.2,2.98e-08,2.341e-07,ok,
ours_c2r,512,4096,3,10,293.2,2.98e-08,2.341e-07,ok,
ours_c2r,512,4096,4,10,300.2,2.98e-08,2.341e-07,ok,
ours_r2c,1024,1,0,50,86.3,4.983e-05,1.238e-07,ok,
ours_r2c,1024,1,1,50,67.2,4.983e-05,1.238e-07,ok,
ours_r2c,1024,1,2,50,65.6,4.983e-05,1.238e-07,ok,
ours_r2c,1024,1,3,50,65.2,4.983e-05,1.238e-07,ok,
ours_r2c,1024,1,4,50,65.0,4.983e-05,1.238e-07,ok,
ours_c2r,1024,1,0,50,75.2,1.49e-08,1.619e-07,ok,
ours_c2r,1024,1,1,50,89.7,1.49e-08,1.619e-07,ok,
ours_c2r,1024,1,2,50,63.7,1.49e-08,1.619e-07,ok,
ours_c2r,1024,1,3,50,76.3,1.49e-08,1.619e-07,ok,
ours_c2r,1024,1,4,50,87.5,1.49e-08,1.619e-07,ok,
ours_r2c,1024,4,0,50,69.7,4.983e-05,1.238e-07,ok,
ours_r2c,1024,4,1,50,85.3,4.983e-05,1.238e-07,ok,
ours_r2c,1024,4,2,50,66.6,4.983e-05,1.238e-07,ok,
ours_r2c,1024,4,3,50,65.3,4.983e-05,1.238e-07,ok,
ours_r2c,1024,4,4,50,67.0,4.983e-05,1.238e-07,ok,
ours_c2r,1024,4,0,50,63.1,1.49e-08,1.619e-07,ok,
ours_c2r,1024,4,1,50,82.0,1.49e-08,1.619e-07,ok,
ours_c2r,1024,4,2,50,70.1,1.49e-08,1.619e-07,ok,
ours_c2r,1024,4,3,50,69.6,1.49e-08,1.619e-07,ok,
ours_c2r,1024,4,4,50,63.6,1.49e-08,1.619e-07,ok,
ours_r2c,1024,16,0,30,67.9,5.224e-05,1.288e-07,ok,
ours_r2c,1024,16,1,30,70.0,5.224e-05,1.288e-07,ok,
ours_r2c,1024,16,2,30,66.0,5.224e-05,1.288e-07,ok,
ours_r2c,1024,16,3,30,85.7,5.224e-05,1.288e-07,ok,
ours_r2c,1024,16,4,30,67.6,5.224e-05,1.288e-07,ok,
ours_c2r,1024,16,0,30,85.9,1.49e-08,1.619e-07,ok,
ours_c2r,1024,16,1,30,74.4,1.49e-08,1.619e-07,ok,
ours_c2r,1024,16,2,30,91.1,1.49e-08,1.619e-07,ok,
ours_c2r,1024,16,3,30,70.3,1.49e-08,1.619e-07,ok,
ours_c2r,1024,16,4,30,91.7,1.49e-08,1.619e-07,ok,
ours_r2c,1024,64,0,30,79.3,6.228e-05,1.288e-07,ok,
ours_r2c,1024,64,1,30,76.2,6.228e-05,1.288e-07,ok,
ours_r2c,1024,64,2,30,106.0,6.228e-05,1.288e-07,ok,
ours_r2c,1024,64,3,30,100.8,6.228e-05,1.288e-07,ok,
ours_r2c,1024,64,4,30,75.9,6.228e-05,1.288e-07,ok,
ours_c2r,1024,64,0,30,82.4,1.49e-08,1.772e-07,ok,
ours_c2r,1024,64,1,30,93.8,1.49e-08,1.772e-07,ok,
ours_c2r,1024,64,2,30,80.2,1.49e-08,1.772e-07,ok,
ours_c2r,1024,64,3,30,100.5,1.49e-08,1.772e-07,ok,
ours_c2r,1024,64,4,30,96.3,1.49e-08,1.772e-07,ok,
ours_r2c,1024,256,0,30,95.7,7.285e-05,1.821e-07,ok,
ours_r2c,1024,256,1,30,111.9,7.285e-05,1.821e-07,ok,
ours_r2c,1024,256,2,30,99.0,7.285e-05,1.821e-07,ok,
ours_r2c,1024,256,3,30,120.5,7.285e-05,1.821e-07,ok,
ours_r2c,1024,256,4,30,114.7,7.285e-05,1.821e-07,ok,
ours_c2r,1024,256,0,30,96.6,1.49e-08,1.852e-07,ok,
ours_c2r,1024,256,1,30,98.6,1.49e-08,1.852e-07,ok,
ours_c2r,1024,256,2,30,104.8,1.49e-08,1.852e-07,ok,
ours_c2r,1024,256,3,30,99.6,1.49e-08,1.852e-07,ok,
ours_c2r,1024,256,4,30,98.8,1.49e-08,1.852e-07,ok,
ours_r2c,1024,1024,0,30,158.8,7.83e-05,1.821e-07,ok,
ours_r2c,1024,1024,1,30,149.8,7.83e-05,1.821e-07,ok,
ours_r2c,1024,1024,2,30,155.7,7.83e-05,1.821e-07,ok,
ours_r2c,1024,1024,3,30,148.7,7.83e-05,1.821e-07,ok,
ours_r2c,1024,1024,4,30,167.3,7.83e-05,1.821e-07,ok,
ours_c2r,1024,1024,0,30,171.5,2.235e-08,2.072e-07,ok,
ours_c2r,1024,1024,1,30,169.7,2.235e-08,2.072e-07,ok,
ours_c2r,1024,1024,2,30,170.9,2.235e-08,2.072e-07,ok,
ours_c2r,1024,1024,3,30,175.0,2.235e-08,2.072e-07,ok,
ours_c2r,1024,1024,4,30,169.0,2.235e-08,2.072e-07,ok,
ours_r2c,1024,4096,0,10,371.9,8.818e-05,2.276e-07,ok,
ours_r2c,1024,4096,1,10,360.7,8.818e-05,2.276e-07,ok,
ours_r2c,1024,4096,2,10,387.0,8.818e-05,2.276e-07,ok,
ours_r2c,1024,4096,3,10,372.5,8.818e-05,2.276e-07,ok,
ours_r2c,1024,4096,4,10,373.0,8.818e-05,2.276e-07,ok,
ours_c2r,1024,4096,0,10,526.2,2.235e-08,2.383e-07,ok,
ours_c2r,1024,4096,1,10,522.3,2.235e-08,2.383e-07,ok,
ours_c2r,1024,4096,2,10,528.8,2.235e-08,2.383e-07,ok,
ours_c2r,1024,4096,3,10,533.1,2.235e-08,2.383e-07,ok,
ours_c2r,1024,4096,4,10,552.2,2.235e-08,2.383e-07,ok,
ours_r2c,2048,1,0,50,101.7,6.341e-05,8.872e-08,ok,
ours_r2c,2048,1,1,50,69.7,6.341e-05,8.872e-08,ok,
ours_r2c,2048,1,2,50,85.1,6.341e-05,8.872e-08,ok,
ours_r2c,2048,1,3,50,80.3,6.341e-05,8.872e-08,ok,
ours_r2c,2048,1,4,50,80.5,6.341e-05,8.872e-08,ok,
ours_c2r,2048,1,0,50,103.6,1.118e-08,1.565e-07,ok,
ours_c2r,2048,1,1,50,83.5,1.118e-08,1.565e-07,ok,
ours_c2r,2048,1,2,50,82.1,1.118e-08,1.565e-07,ok,
ours_c2r,2048,1,3,50,106.0,1.118e-08,1.565e-07,ok,
ours_c2r,2048,1,4,50,83.4,1.118e-08,1.565e-07,ok,
ours_r2c,2048,4,0,30,100.6,8.712e-05,1.058e-07,ok,
ours_r2c,2048,4,1,30,68.3,8.712e-05,1.058e-07,ok,
ours_r2c,2048,4,2,30,97.8,8.712e-05,1.058e-07,ok,
ours_r2c,2048,4,3,30,99.7,8.712e-05,1.058e-07,ok,
ours_r2c,2048,4,4,30,92.4,8.712e-05,1.058e-07,ok,
ours_c2r,2048,4,0,30,82.0,1.118e-08,1.565e-07,ok,
ours_c2r,2048,4,1,30,83.2,1.118e-08,1.565e-07,ok,
ours_c2r,2048,4,2,30,100.3,1.118e-08,1.565e-07,ok,
ours_c2r,2048,4,3,30,101.1,1.118e-08,1.565e-07,ok,
ours_c2r,2048,4,4,30,119.4,1.118e-08,1.565e-07,ok,
ours_r2c,2048,16,0,30,102.2,8.712e-05,1.058e-07,ok,
ours_r2c,2048,16,1,30,105.7,8.712e-05,1.058e-07,ok,
ours_r2c,2048,16,2,30,75.4,8.712e-05,1.058e-07,ok,
ours_r2c,2048,16,3,30,99.6,8.712e-05,1.058e-07,ok,
ours_r2c,2048,16,4,30,84.7,8.712e-05,1.058e-07,ok,
ours_c2r,2048,16,0,30,95.3,1.49e-08,1.68e-07,ok,
ours_c2r,2048,16,1,30,108.1,1.49e-08,1.68e-07,ok,
ours_c2r,2048,16,2,30,91.3,1.49e-08,1.68e-07,ok,
ours_c2r,2048,16,3,30,90.3,1.49e-08,1.68e-07,ok,
ours_c2r,2048,16,4,30,92.8,1.49e-08,1.68e-07,ok,
ours_r2c,2048,64,0,30,109.6,0.0001257,1.541e-07,ok,
ours_r2c,2048,64,1,30,94.5,0.0001257,1.541e-07,ok,
ours_r2c,2048,64,2,30,112.2,0.0001257,1.541e-07,ok,
ours_r2c,2048,64,3,30,103.4,0.0001257,1.541e-07,ok,
ours_r2c,2048,64,4,30,106.7,0.0001257,1.541e-07,ok,
ours_c2r,2048,64,0,30,121.6,1.49e-08,1.925e-07,ok,
ours_c2r,2048,64,1,30,115.0,1.49e-08,1.925e-07,ok,
ours_c2r,2048,64,2,30,104.9,1.49e-08,1.925e-07,ok,
ours_c2r,2048,64,3,30,102.1,1.49e-08,1.925e-07,ok,
ours_c2r,2048,64,4,30,124.6,1.49e-08,1.925e-07,ok,
ours_r2c,2048,256,0,30,123.9,0.0001372,2.196e-07,ok,
ours_r2c,2048,256,1,30,143.3,0.0001372,2.196e-07,ok,
ours_r2c,2048,256,2,30,121.4,0.0001372,2.196e-07,ok,
ours_r2c,2048,256,3,30,125.2,0.0001372,2.196e-07,ok,
ours_r2c,2048,256,4,30,144.0,0.0001372,2.196e-07,ok,
ours_c2r,2048,256,0,30,154.4,1.49e-08,2.025e-07,ok,
ours_c2r,2048,256,1,30,156.1,1.49e-08,2.025e-07,ok,
ours_c2r,2048,256,2,30,145.8,1.49e-08,2.025e-07,ok,
ours_c2r,2048,256,3,30,152.3,1.49e-08,2.025e-07,ok,
ours_c2r,2048,256,4,30,152.7,1.49e-08,2.025e-07,ok,
ours_r2c,2048,1024,0,10,207.0,0.0001722,3.122e-07,ok,
ours_r2c,2048,1024,1,10,229.1,0.0001722,3.122e-07,ok,
ours_r2c,2048,1024,2,10,209.5,0.0001722,3.122e-07,ok,
ours_r2c,2048,1024,3,10,216.4,0.0001722,3.122e-07,ok,
ours_r2c,2048,1024,4,10,214.7,0.0001722,3.122e-07,ok,
ours_c2r,2048,1024,0,10,295.0,1.49e-08,2.181e-07,ok,
ours_c2r,2048,1024,1,10,305.4,1.49e-08,2.181e-07,ok,
ours_c2r,2048,1024,2,10,293.5,1.49e-08,2.181e-07,ok,
ours_c2r,2048,1024,3,10,319.0,1.49e-08,2.181e-07,ok,
ours_c2r,2048,1024,4,10,299.8,1.49e-08,2.181e-07,ok,
ours_r2c,2048,4096,0,10,592.1,0.0001722,3.122e-07,ok,
ours_r2c,2048,4096,1,10,620.8,0.0001722,3.122e-07,ok,
ours_r2c,2048,4096,2,10,591.0,0.0001722,3.122e-07,ok,
ours_r2c,2048,4096,3,10,591.2,0.0001722,3.122e-07,ok,
ours_r2c,2048,4096,4,10,611.9,0.0001722,3.122e-07,ok,
ours_c2r,2048,4096,0,10,1037.1,2.235e-08,2.383e-07,ok,
ours_c2r,2048,4096,1,10,1062.6,2.235e-08,2.383e-07,ok,
ours_c2r,2048,4096,2,10,1038.4,2.235e-08,2.383e-07,ok,
ours_c2r,2048,4096,3,10,1050.7,2.235e-08,2.383e-07,ok,
ours_c2r,2048,4096,4,10,1042.6,2.235e-08,2.383e-07,ok,
ours_r2c,4096,1,0,50,91.6,6.128e-05,3.688e-08,ok,
ours_r2c,4096,1,1,50,109.3,6.128e-05,3.688e-08,ok,
ours_r2c,4096,1,2,50,105.1,6.128e-05,3.688e-08,ok,
ours_r2c,4096,1,3,50,89.9,6.128e-05,3.688e-08,ok,
ours_r2c,4096,1,4,50,90.6,6.128e-05,3.688e-08,ok,
ours_c2r,4096,1,0,50,127.2,7.451e-09,1.349e-07,ok,
ours_c2r,4096,1,1,50,134.1,7.451e-09,1.349e-07,ok,
ours_c2r,4096,1,2,50,149.8,7.451e-09,1.349e-07,ok,
ours_c2r,4096,1,3,50,126.9,7.451e-09,1.349e-07,ok,
ours_c2r,4096,1,4,50,125.4,7.451e-09,1.349e-07,ok,
ours_r2c,4096,4,0,30,94.1,0.0001194,6.103e-08,ok,
ours_r2c,4096,4,1,30,111.8,0.0001194,6.103e-08,ok,
ours_r2c,4096,4,2,30,88.7,0.0001194,6.103e-08,ok,
ours_r2c,4096,4,3,30,91.0,0.0001194,6.103e-08,ok,
ours_r2c,4096,4,4,30,86.2,0.0001194,6.103e-08,ok,
ours_c2r,4096,4,0,30,134.6,7.451e-09,1.349e-07,ok,
ours_c2r,4096,4,1,30,152.0,7.451e-09,1.349e-07,ok,
ours_c2r,4096,4,2,30,129.8,7.451e-09,1.349e-07,ok,
ours_c2r,4096,4,3,30,127.2,7.451e-09,1.349e-07,ok,
ours_c2r,4096,4,4,30,151.6,7.451e-09,1.349e-07,ok,
ours_r2c,4096,16,0,30,113.2,0.0001763,8.243e-08,ok,
ours_r2c,4096,16,1,30,89.8,0.0001763,8.243e-08,ok,
ours_r2c,4096,16,2,30,101.2,0.0001763,8.243e-08,ok,
ours_r2c,4096,16,3,30,97.9,0.0001763,8.243e-08,ok,
ours_r2c,4096,16,4,30,89.1,0.0001763,8.243e-08,ok,
ours_c2r,4096,16,0,30,127.9,7.451e-09,1.408e-07,ok,
ours_c2r,4096,16,1,30,121.1,7.451e-09,1.408e-07,ok,
ours_c2r,4096,16,2,30,124.0,7.451e-09,1.408e-07,ok,
ours_c2r,4096,16,3,30,143.7,7.451e-09,1.408e-07,ok,
ours_c2r,4096,16,4,30,140.6,7.451e-09,1.408e-07,ok,
ours_r2c,4096,64,0,30,108.5,0.0002412,1.385e-07,ok,
ours_r2c,4096,64,1,30,111.7,0.0002412,1.385e-07,ok,
ours_r2c,4096,64,2,30,111.4,0.0002412,1.385e-07,ok,
ours_r2c,4096,64,3,30,115.2,0.0002412,1.385e-07,ok,
ours_r2c,4096,64,4,30,103.3,0.0002412,1.385e-07,ok,
ours_c2r,4096,64,0,30,162.6,1.118e-08,1.818e-07,ok,
ours_c2r,4096,64,1,30,168.0,1.118e-08,1.818e-07,ok,
ours_c2r,4096,64,2,30,144.4,1.118e-08,1.818e-07,ok,
ours_c2r,4096,64,3,30,145.2,1.118e-08,1.818e-07,ok,
ours_c2r,4096,64,4,30,149.4,1.118e-08,1.818e-07,ok,
ours_r2c,4096,256,0,30,172.2,0.0002797,1.76e-07,ok,
ours_r2c,4096,256,1,30,170.0,0.0002797,1.76e-07,ok,
ours_r2c,4096,256,2,30,158.5,0.0002797,1.76e-07,ok,
ours_r2c,4096,256,3,30,155.8,0.0002797,1.76e-07,ok,
ours_r2c,4096,256,4,30,158.7,0.0002797,1.76e-07,ok,
ours_c2r,4096,256,0,30,241.7,1.49e-08,2.191e-07,ok,
ours_c2r,4096,256,1,30,223.7,1.49e-08,2.191e-07,ok,
ours_c2r,4096,256,2,30,235.7,1.49e-08,2.191e-07,ok,
ours_c2r,4096,256,3,30,222.1,1.49e-08,2.191e-07,ok,
ours_c2r,4096,256,4,30,234.8,1.49e-08,2.191e-07,ok,
ours_r2c,4096,1024,0,10,353.6,0.0003278,1.768e-07,ok,
ours_r2c,4096,1024,1,10,350.2,0.0003278,1.768e-07,ok,
ours_r2c,4096,1024,2,10,351.9,0.0003278,1.768e-07,ok,
ours_r2c,4096,1024,3,10,354.1,0.0003278,1.768e-07,ok,
ours_r2c,4096,1024,4,10,376.1,0.0003278,1.768e-07,ok,
ours_c2r,4096,1024,0,10,608.9,1.49e-08,2.191e-07,ok,
ours_c2r,4096,1024,1,10,620.7,1.49e-08,2.191e-07,ok,
ours_c2r,4096,1024,2,10,609.1,1.49e-08,2.191e-07,ok,
ours_c2r,4096,1024,3,10,602.4,1.49e-08,2.191e-07,ok,
ours_c2r,4096,1024,4,10,605.3,1.49e-08,2.191e-07,ok,
ours_r2c,4096,4096,0,10,1234.5,0.000369,2.341e-07,ok,
ours_r2c,4096,4096,1,10,1225.2,0.000369,2.341e-07,ok,
ours_r2c,4096,4096,2,10,1247.2,0.000369,2.341e-07,ok,
ours_r2c,4096,4096,3,10,1219.0,0.000369,2.341e-07,ok,
ours_r2c,4096,4096,4,10,1228.0,0.000369,2.341e-07,ok,
ours_c2r,4096,4096,0,10,2248.6,1.49e-08,2.372e-07,ok,
ours_c2r,4096,4096,1,10,2249.7,1.49e-08,2.372e-07,ok,
ours_c2r,4096,4096,2,10,2239.4,1.49e-08,2.372e-07,ok,
ours_c2r,4096,4096,3,10,2238.6,1.49e-08,2.372e-07,ok,
ours_c2r,4096,4096,4,10,2247.8,1.49e-08,2.372e-07,ok,
ours_r2c,8192,1,0,30,131.7,0.0001816,5.999e-08,ok,
ours_r2c,8192,1,1,30,130.0,0.0001816,5.999e-08,ok,
ours_r2c,8192,1,2,30,124.0,0.0001816,5.999e-08,ok,
ours_r2c,8192,1,3,30,143.6,0.0001816,5.999e-08,ok,
ours_r2c,8192,1,4,30,131.8,0.0001816,5.999e-08,ok,
ours_c2r,8192,1,0,30,,,,unsupported,c2r unsupported at N=8192
ours_r2c,8192,4,0,30,123.4,0.0002631,9.05e-08,ok,
ours_r2c,8192,4,1,30,118.7,0.0002631,9.05e-08,ok,
ours_r2c,8192,4,2,30,122.0,0.0002631,9.05e-08,ok,
ours_r2c,8192,4,3,30,122.7,0.0002631,9.05e-08,ok,
ours_r2c,8192,4,4,30,117.7,0.0002631,9.05e-08,ok,
ours_c2r,8192,4,0,30,,,,unsupported,c2r unsupported at N=8192
ours_r2c,8192,16,0,30,124.5,0.0005125,1.506e-07,ok,
ours_r2c,8192,16,1,30,126.7,0.0005125,1.506e-07,ok,
ours_r2c,8192,16,2,30,126.8,0.0005125,1.506e-07,ok,
ours_r2c,8192,16,3,30,129.1,0.0005125,1.506e-07,ok,
ours_r2c,8192,16,4,30,136.5,0.0005125,1.506e-07,ok,
ours_c2r,8192,16,0,30,,,,unsupported,c2r unsupported at N=8192
ours_r2c,8192,64,0,30,169.9,0.0005505,1.866e-07,ok,
ours_r2c,8192,64,1,30,159.2,0.0005505,1.866e-07,ok,
ours_r2c,8192,64,2,30,143.7,0.0005505,1.866e-07,ok,
ours_r2c,8192,64,3,30,167.4,0.0005505,1.866e-07,ok,
ours_r2c,8192,64,4,30,156.8,0.0005505,1.866e-07,ok,
ours_c2r,8192,64,0,30,,,,unsupported,c2r unsupported at N=8192
ours_r2c,8192,256,0,10,250.6,0.0005727,1.951e-07,ok,
ours_r2c,8192,256,1,10,245.7,0.0005727,1.951e-07,ok,
ours_r2c,8192,256,2,10,270.9,0.0005727,1.951e-07,ok,
ours_r2c,8192,256,3,10,246.9,0.0005727,1.951e-07,ok,
ours_r2c,8192,256,4,10,246.9,0.0005727,1.951e-07,ok,
ours_c2r,8192,256,0,10,,,,unsupported,c2r unsupported at N=8192
ours_r2c,8192,1024,0,10,655.3,0.0006071,2.045e-07,ok,
ours_r2c,8192,1024,1,10,679.7,0.0006071,2.045e-07,ok,
ours_r2c,8192,1024,2,10,655.4,0.0006071,2.045e-07,ok,
ours_r2c,8192,1024,3,10,650.6,0.0006071,2.045e-07,ok,
ours_r2c,8192,1024,4,10,653.4,0.0006071,2.045e-07,ok,
ours_c2r,8192,1024,0,10,,,,unsupported,c2r unsupported at N=8192
ours_r2c,8192,4096,0,10,2372.0,0.0006713,2.051e-07,ok,
ours_r2c,8192,4096,1,10,2372.6,0.0006713,2.051e-07,ok,
ours_r2c,8192,4096,2,10,2380.1,0.0006713,2.051e-07,ok,
ours_r2c,8192,4096,3,10,2393.9,0.0006713,2.051e-07,ok,
ours_r2c,8192,4096,4,10,2375.5,0.0006713,2.051e-07,ok,
ours_c2r,8192,4096,0,10,,,,unsupported,c2r unsupported at N=8192
