n,batch,ours_us,ours_min_us,max_rel,native_min_us,native_us,eta_us,correct
64,1,23.9,14.3,5.238e-08,73.6,82.0,17.8,True
64,4,15.3,10.0,7.05e-08,84.2,91.7,17.8,True
64,16,15.6,10.2,1.115e-07,77.5,81.7,17.8,True
64,64,19.7,14.3,1.142e-07,75.1,80.2,19.6,True
64,256,24.7,16.6,1.642e-07,82.4,85.3,20.8,True
64,1024,30.8,24.7,2.242e-07,96.3,104.7,30.1,True
64,4096,66.2,62.0,2.336e-07,97.2,104.4,67.4,True
128,1,18.1,11.9,7.413e-08,72.5,79.3,18.1,True
128,4,16.2,9.9,1.221e-07,102.0,107.6,18.1,True
128,16,14.7,9.4,1.221e-07,77.4,88.4,18.1,True
128,64,19.9,17.1,1.493e-07,80.4,84.0,20.8,True
128,256,25.3,20.7,1.634e-07,91.5,96.6,22.1,True
128,1024,36.3,31.4,2.344e-07,96.7,100.9,33.9,True
128,4096,80.2,72.6,2.436e-07,107.6,115.1,81.5,True
256,1,17.9,11.0,9.334e-08,73.5,87.4,18.6,True
256,4,18.2,11.2,9.334e-08,79.2,86.0,18.6,True
256,16,16.0,10.5,1.957e-07,89.0,96.5,18.6,True
256,64,24.6,13.2,2.04e-07,84.6,92.8,21.0,True
256,256,27.5,20.6,2.286e-07,87.7,102.9,24.8,True
256,1024,38.8,35.6,2.351e-07,107.9,113.7,42.2,True
256,4096,106.5,100.1,2.383e-07,130.9,135.4,111.6,True
512,1,20.1,13.9,9.059e-08,73.5,80.9,19.4,True
512,4,20.8,12.1,1.154e-07,93.9,98.7,19.4,True
512,16,19.3,13.8,1.88e-07,86.4,92.3,19.4,True
512,64,24.0,16.7,1.88e-07,87.0,98.4,25.9,True
512,256,31.7,26.0,2.263e-07,93.0,98.2,37.9,True
512,1024,55.4,53.2,2.346e-07,141.0,146.4,59.7,True
512,4096,157.0,155.0,2.409e-07,203.8,209.7,176.0,True
1024,1,21.1,14.3,6.722e-08,80.1,92.7,22.5,True
1024,4,21.3,13.3,1.13e-07,91.7,101.8,22.5,True
1024,16,22.9,14.5,1.282e-07,86.5,92.2,22.5,True
1024,64,28.1,22.6,2.329e-07,85.3,92.4,29.0,True
1024,256,48.4,39.7,2.329e-07,95.9,102.8,45.7,True
1024,1024,96.4,87.9,2.33e-07,139.2,146.4,104.9,True
1024,4096,319.2,313.9,2.364e-07,323.7,333.1,341.6,True
2048,1,29.8,20.8,4.525e-08,95.4,104.9,24.4,True
2048,4,25.1,17.0,1.177e-07,105.8,113.5,24.4,True
2048,16,27.3,17.8,1.177e-07,106.3,111.1,24.4,True
2048,64,38.3,29.5,1.896e-07,103.9,112.7,32.7,True
2048,256,65.9,63.3,2.355e-07,139.8,154.4,65.9,True
2048,1024,200.8,196.1,2.355e-07,313.8,319.2,198.8,True
2048,4096,719.2,714.0,2.381e-07,978.2,995.7,730.2,True
4096,1,39.5,34.4,1.065e-07,92.9,101.9,32.3,True
4096,4,37.7,24.8,1.35e-07,108.2,115.6,32.3,True
4096,16,35.4,26.8,1.35e-07,111.6,123.7,32.3,True
4096,64,53.9,44.2,2.048e-07,111.2,117.5,48.5,True
4096,256,112.1,110.7,2.26e-07,157.6,162.3,113.2,True
4096,1024,402.0,393.0,2.357e-07,414.9,423.4,372.1,True
4096,4096,1499.4,1484.9,2.41e-07,2372.4,2396.9,1407.8,True
