runner,trial,n,batch,returncode,mean_us,min_us,max_rel,correct,failure
native,1,64,1,0,82.0,73.6,1.837e-07,True,
native,1,64,4,0,91.7,84.2,2.136e-07,True,
native,1,64,16,0,81.7,77.5,1.874e-07,True,
native,1,64,64,0,80.2,75.1,1.549e-07,True,
native,1,64,256,0,85.3,82.4,2.112e-07,True,
native,1,64,1024,0,104.7,96.3,2.217e-07,True,
native,1,64,4096,0,106.7,100.2,2.401e-07,True,
native,1,128,1,0,79.3,72.5,1.938e-07,True,
native,1,128,4,0,107.6,102.0,2.887e-07,True,
native,1,128,16,0,146.1,77.4,2.829e-07,True,
native,1,128,64,0,84.0,80.4,2.428e-07,True,
native,1,128,256,0,96.6,92.9,2.463e-07,True,
native,1,128,1024,0,103.0,98.7,2.956e-07,True,
native,1,128,4096,0,115.1,109.5,3.493e-07,True,
native,1,256,1,0,87.4,73.5,8.964e-08,True,
native,1,256,4,0,86.0,79.2,1.013e-07,True,
native,1,256,16,0,104.5,90.1,1.053e-07,True,
native,1,256,64,0,92.8,84.6,1.169e-07,True,
native,1,256,256,0,102.9,87.7,1.143e-07,True,
native,1,256,1024,0,114.8,110.5,1.546e-07,True,
native,1,256,4096,0,135.4,130.9,1.23e-07,True,
native,1,512,1,0,80.9,73.5,1.465e-07,True,
native,1,512,4,0,99.9,96.0,1.699e-07,True,
native,1,512,16,0,92.3,86.4,1.395e-07,True,
native,1,512,64,0,109.8,87.0,1.953e-07,True,
native,1,512,256,0,98.2,93.0,2.148e-07,True,
native,1,512,1024,0,146.4,141.0,1.917e-07,True,
native,1,512,4096,0,209.7,203.8,1.831e-07,True,
native,1,1024,1,0,92.7,80.1,1.464e-07,True,
native,1,1024,4,0,101.8,91.7,1.468e-07,True,
native,1,1024,16,0,92.2,86.5,1.467e-07,True,
native,1,1024,64,0,92.4,85.3,1.916e-07,True,
native,1,1024,256,0,102.8,95.9,1.685e-07,True,
native,1,1024,1024,0,151.4,139.2,1.721e-07,True,
native,1,1024,4096,0,342.2,332.9,1.877e-07,True,
native,1,2048,1,0,124.3,111.6,1.741e-07,True,
native,1,2048,4,0,120.9,116.4,1.847e-07,True,
native,1,2048,16,0,125.6,117.6,1.442e-07,True,
native,1,2048,64,0,123.9,115.6,1.667e-07,True,
native,1,2048,256,0,154.4,151.4,1.954e-07,True,
native,1,2048,1024,0,322.6,318.4,2.255e-07,True,
native,1,2048,4096,0,1004.7,994.0,1.94e-07,True,
native,1,4096,1,0,119.9,109.4,1.595e-07,True,
native,1,4096,4,0,122.4,117.0,1.835e-07,True,
native,1,4096,16,0,128.9,125.4,1.634e-07,True,
native,1,4096,64,0,132.1,123.4,1.701e-07,True,
native,1,4096,256,0,180.1,173.4,1.892e-07,True,
native,1,4096,1024,0,434.6,427.9,2.059e-07,True,
native,1,4096,4096,0,2445.2,2408.5,2.213e-07,True,
native,2,64,1,0,108.4,78.1,1.837e-07,True,
native,2,64,4,0,100.8,93.6,2.136e-07,True,
native,2,64,16,0,93.9,86.7,1.874e-07,True,
native,2,64,64,0,90.4,86.1,1.549e-07,True,
native,2,64,256,0,109.9,89.1,2.112e-07,True,
native,2,64,1024,0,126.1,113.3,2.217e-07,True,
native,2,64,4096,0,125.3,116.7,2.401e-07,True,
native,2,128,1,0,115.0,102.6,1.938e-07,True,
native,2,128,4,0,926.1,121.0,2.887e-07,True,
native,2,128,16,0,106.5,97.4,2.829e-07,True,
native,2,128,64,0,107.5,98.5,2.428e-07,True,
native,2,128,256,0,112.2,107.6,2.463e-07,True,
native,2,128,1024,0,119.7,115.4,2.956e-07,True,
native,2,128,4096,0,129.8,122.7,3.493e-07,True,
native,2,256,1,0,108.9,97.2,8.964e-08,True,
native,2,256,4,0,116.8,101.8,1.013e-07,True,
native,2,256,16,0,115.8,104.5,1.053e-07,True,
native,2,256,64,0,124.2,112.6,1.169e-07,True,
native,2,256,256,0,132.7,112.2,1.143e-07,True,
native,2,256,1024,0,133.4,126.1,1.546e-07,True,
native,2,256,4096,0,150.1,145.7,1.23e-07,True,
native,2,512,1,0,109.9,98.2,1.465e-07,True,
native,2,512,4,0,119.6,113.2,1.699e-07,True,
native,2,512,16,0,115.7,108.3,1.395e-07,True,
native,2,512,64,0,126.5,113.6,1.953e-07,True,
native,2,512,256,0,129.1,110.9,2.148e-07,True,
native,2,512,1024,0,168.6,160.8,1.917e-07,True,
native,2,512,4096,0,223.9,218.7,1.831e-07,True,
native,2,1024,1,0,119.8,109.2,1.464e-07,True,
native,2,1024,4,0,117.1,109.8,1.468e-07,True,
native,2,1024,16,0,114.4,106.2,1.467e-07,True,
native,2,1024,64,0,128.8,117.0,1.916e-07,True,
native,2,1024,256,0,132.0,119.8,1.685e-07,True,
native,2,1024,1024,0,157.3,151.6,1.721e-07,True,
native,2,1024,4096,0,345.1,332.9,1.877e-07,True,
native,2,2048,1,0,119.7,108.6,1.741e-07,True,
native,2,2048,4,0,129.5,114.5,1.847e-07,True,
native,2,2048,16,0,123.6,111.2,1.442e-07,True,
native,2,2048,64,0,132.7,115.5,1.667e-07,True,
native,2,2048,256,0,160.5,146.2,1.954e-07,True,
native,2,2048,1024,0,319.2,313.8,2.255e-07,True,
native,2,2048,4096,0,997.2,982.3,1.94e-07,True,
native,2,4096,1,0,118.9,108.4,1.595e-07,True,
native,2,4096,4,0,132.5,124.3,1.835e-07,True,
native,2,4096,16,0,137.4,126.4,1.634e-07,True,
native,2,4096,64,0,133.6,125.4,1.701e-07,True,
native,2,4096,256,0,173.0,167.0,1.892e-07,True,
native,2,4096,1024,0,436.8,428.4,2.059e-07,True,
native,2,4096,4096,0,2396.9,2372.4,2.213e-07,True,
native,3,64,1,0,105.7,86.0,1.837e-07,True,
native,3,64,4,0,93.7,86.2,2.136e-07,True,
native,3,64,16,0,86.0,80.2,1.874e-07,True,
native,3,64,64,0,85.6,75.6,1.549e-07,True,
native,3,64,256,0,96.3,89.5,2.112e-07,True,
native,3,64,1024,0,106.5,100.4,2.217e-07,True,
native,3,64,4096,0,104.4,97.2,2.401e-07,True,
native,3,128,1,0,95.9,85.5,1.938e-07,True,
native,3,128,4,0,115.0,102.8,2.887e-07,True,
native,3,128,16,0,88.4,79.8,2.829e-07,True,
native,3,128,64,0,89.8,83.8,2.428e-07,True,
native,3,128,256,0,97.4,91.5,2.463e-07,True,
native,3,128,1024,0,100.9,96.7,2.956e-07,True,
native,3,128,4096,0,115.5,107.6,3.493e-07,True,
native,3,256,1,0,89.5,79.5,8.964e-08,True,
native,3,256,4,0,91.9,82.2,1.013e-07,True,
native,3,256,16,0,96.5,89.0,1.053e-07,True,
native,3,256,64,0,102.3,94.4,1.169e-07,True,
native,3,256,256,0,108.3,99.6,1.143e-07,True,
native,3,256,1024,0,113.7,107.9,1.546e-07,True,
native,3,256,4096,0,137.0,132.7,1.23e-07,True,
native,3,512,1,0,89.7,80.0,1.465e-07,True,
native,3,512,4,0,98.7,93.9,1.699e-07,True,
native,3,512,16,0,95.7,91.2,1.395e-07,True,
native,3,512,64,0,98.4,89.6,1.953e-07,True,
native,3,512,256,0,106.8,95.1,2.148e-07,True,
native,3,512,1024,0,167.7,145.5,1.917e-07,True,
native,3,512,4096,0,221.1,204.1,1.831e-07,True,
native,3,1024,1,0,101.3,88.3,1.464e-07,True,
native,3,1024,4,0,102.1,96.4,1.468e-07,True,
native,3,1024,16,0,97.7,91.4,1.467e-07,True,
native,3,1024,64,0,104.8,98.2,1.916e-07,True,
native,3,1024,256,0,114.2,103.2,1.685e-07,True,
native,3,1024,1024,0,146.4,139.4,1.721e-07,True,
native,3,1024,4096,0,333.1,323.7,1.877e-07,True,
native,3,2048,1,0,104.9,95.4,1.741e-07,True,
native,3,2048,4,0,113.5,105.8,1.847e-07,True,
native,3,2048,16,0,111.1,106.3,1.442e-07,True,
native,3,2048,64,0,112.7,103.9,1.667e-07,True,
native,3,2048,256,0,163.9,139.8,1.954e-07,True,
native,3,2048,1024,0,324.6,315.8,2.255e-07,True,
native,3,2048,4096,0,995.7,978.2,1.94e-07,True,
native,3,4096,1,0,101.9,92.9,1.595e-07,True,
native,3,4096,4,0,115.6,108.2,1.835e-07,True,
native,3,4096,16,0,123.7,111.6,1.634e-07,True,
native,3,4096,64,0,117.5,111.2,1.701e-07,True,
native,3,4096,256,0,162.3,157.6,1.892e-07,True,
native,3,4096,1024,0,423.4,414.9,2.059e-07,True,
native,3,4096,4096,0,2457.0,2434.8,2.213e-07,True,
self,1,64,1,0,23.9,14.3,5.238e-08,True,
self,2,64,1,0,26.9,20.6,5.238e-08,True,
self,3,64,1,0,24.0,15.5,5.238e-08,True,
self,1,64,4,0,15.3,10.0,7.05e-08,True,
self,2,64,4,0,29.4,22.2,7.05e-08,True,
self,3,64,4,0,21.8,14.5,7.05e-08,True,
self,1,64,16,0,17.3,10.7,1.115e-07,True,
self,2,64,16,0,17.0,10.9,1.115e-07,True,
self,3,64,16,0,15.6,10.2,1.115e-07,True,
self,1,64,64,0,19.7,14.3,1.142e-07,True,
self,2,64,64,0,22.0,15.5,1.142e-07,True,
self,3,64,64,0,24.7,18.1,1.142e-07,True,
self,1,64,256,0,27.4,16.6,1.642e-07,True,
self,2,64,256,0,26.4,22.8,1.642e-07,True,
self,3,64,256,0,24.7,23.5,1.642e-07,True,
self,1,64,1024,0,33.7,28.3,2.242e-07,True,
self,2,64,1024,0,36.4,32.8,2.242e-07,True,
self,3,64,1024,0,30.8,24.7,2.242e-07,True,
self,1,64,4096,0,71.1,62.0,2.336e-07,True,
self,2,64,4096,0,66.2,64.6,2.336e-07,True,
self,3,64,4096,0,70.7,65.7,2.336e-07,True,
self,1,128,1,0,20.9,11.9,7.413e-08,True,
self,2,128,1,0,18.1,13.2,7.413e-08,True,
self,3,128,1,0,22.0,12.3,7.413e-08,True,
self,1,128,4,0,16.2,12.9,1.221e-07,True,
self,2,128,4,0,17.6,10.7,1.221e-07,True,
self,3,128,4,0,17.2,9.9,1.221e-07,True,
self,1,128,16,0,14.7,9.6,1.221e-07,True,
self,2,128,16,0,16.9,10.7,1.221e-07,True,
self,3,128,16,0,16.3,9.4,1.221e-07,True,
self,1,128,64,0,24.8,17.1,1.493e-07,True,
self,2,128,64,0,19.9,17.7,1.493e-07,True,
self,3,128,64,0,21.2,18.5,1.493e-07,True,
self,1,128,256,0,27.4,21.1,1.634e-07,True,
self,2,128,256,0,25.9,23.6,1.634e-07,True,
self,3,128,256,0,25.3,20.7,1.634e-07,True,
self,1,128,1024,0,48.1,32.9,2.344e-07,True,
self,2,128,1024,0,37.1,33.9,2.344e-07,True,
self,3,128,1024,0,36.3,31.4,2.344e-07,True,
self,1,128,4096,0,80.2,72.6,2.436e-07,True,
self,2,128,4096,0,82.9,77.8,2.436e-07,True,
self,3,128,4096,0,80.6,76.6,2.436e-07,True,
self,1,256,1,0,19.9,13.6,9.334e-08,True,
self,2,256,1,0,17.9,11.0,9.334e-08,True,
self,3,256,1,0,22.8,15.2,9.334e-08,True,
self,1,256,4,0,18.2,11.2,9.334e-08,True,
self,2,256,4,0,19.2,12.2,9.334e-08,True,
self,3,256,4,0,22.9,13.7,9.334e-08,True,
self,1,256,16,0,28.4,22.3,1.957e-07,True,
self,2,256,16,0,26.5,21.5,1.957e-07,True,
self,3,256,16,0,16.0,10.5,1.957e-07,True,
self,1,256,64,0,24.6,17.9,2.04e-07,True,
self,2,256,64,0,26.1,16.9,2.04e-07,True,
self,3,256,64,0,24.7,13.2,2.04e-07,True,
self,1,256,256,0,27.5,24.9,2.286e-07,True,
self,2,256,256,0,29.8,20.6,2.286e-07,True,
self,3,256,256,0,29.5,22.4,2.286e-07,True,
self,1,256,1024,0,38.8,35.6,2.351e-07,True,
self,2,256,1024,0,50.2,43.6,2.351e-07,True,
self,3,256,1024,0,44.7,35.7,2.351e-07,True,
self,1,256,4096,0,106.5,103.7,2.383e-07,True,
self,2,256,4096,0,118.5,102.0,2.383e-07,True,
self,3,256,4096,0,109.2,100.1,2.383e-07,True,
self,1,512,1,0,23.8,16.3,9.059e-08,True,
self,2,512,1,0,23.0,13.9,9.059e-08,True,
self,3,512,1,0,20.1,15.0,9.059e-08,True,
self,1,512,4,0,20.8,15.3,1.154e-07,True,
self,2,512,4,0,34.2,12.1,1.154e-07,True,
self,3,512,4,0,25.6,21.3,1.154e-07,True,
self,1,512,16,0,24.2,16.4,1.88e-07,True,
self,2,512,16,0,19.3,13.8,1.88e-07,True,
self,3,512,16,0,21.0,15.9,1.88e-07,True,
self,1,512,64,0,24.0,16.7,1.88e-07,True,
self,2,512,64,0,29.3,27.0,1.88e-07,True,
self,3,512,64,0,24.8,19.4,1.88e-07,True,
self,1,512,256,0,37.9,29.4,2.263e-07,True,
self,2,512,256,0,31.7,26.0,2.263e-07,True,
self,3,512,256,0,34.6,26.7,2.263e-07,True,
self,1,512,1024,0,55.4,54.3,2.346e-07,True,
self,2,512,1024,0,64.2,53.2,2.346e-07,True,
self,3,512,1024,0,58.3,56.6,2.346e-07,True,
self,1,512,4096,0,162.8,155.1,2.409e-07,True,
self,2,512,4096,0,162.7,157.6,2.409e-07,True,
self,3,512,4096,0,157.0,155.0,2.409e-07,True,
self,1,1024,1,0,25.5,21.8,6.722e-08,True,
self,2,1024,1,0,21.1,14.3,6.722e-08,True,
self,3,1024,1,0,23.9,17.0,6.722e-08,True,
self,1,1024,4,0,21.3,13.3,1.13e-07,True,
self,2,1024,4,0,26.0,19.5,1.13e-07,True,
self,3,1024,4,0,23.7,13.4,1.13e-07,True,
self,1,1024,16,0,29.9,21.1,1.282e-07,True,
self,2,1024,16,0,25.3,14.5,1.282e-07,True,
self,3,1024,16,0,22.9,18.1,1.282e-07,True,
self,1,1024,64,0,37.9,22.6,2.329e-07,True,
self,2,1024,64,0,32.5,23.1,2.329e-07,True,
self,3,1024,64,0,28.1,25.0,2.329e-07,True,
self,1,1024,256,0,65.4,39.7,2.329e-07,True,
self,2,1024,256,0,57.5,42.1,2.329e-07,True,
self,3,1024,256,0,48.4,40.7,2.329e-07,True,
self,1,1024,1024,0,96.4,87.9,2.33e-07,True,
self,2,1024,1024,0,99.9,93.9,2.33e-07,True,
self,3,1024,1024,0,96.6,93.2,2.33e-07,True,
self,1,1024,4096,0,323.9,316.1,2.364e-07,True,
self,2,1024,4096,0,323.2,315.9,2.364e-07,True,
self,3,1024,4096,0,319.2,313.9,2.364e-07,True,
self,1,2048,1,0,29.8,22.5,4.525e-08,True,
self,2,2048,1,0,32.3,20.8,4.525e-08,True,
self,3,2048,1,0,30.7,21.3,4.525e-08,True,
self,1,2048,4,0,25.1,17.0,1.177e-07,True,
self,2,2048,4,0,26.5,17.7,1.177e-07,True,
self,3,2048,4,0,30.3,20.2,1.177e-07,True,
self,1,2048,16,0,28.5,17.8,1.177e-07,True,
self,2,2048,16,0,27.3,19.1,1.177e-07,True,
self,3,2048,16,0,31.0,19.6,1.177e-07,True,
self,1,2048,64,0,40.9,38.8,1.896e-07,True,
self,2,2048,64,0,38.3,33.9,1.896e-07,True,
self,3,2048,64,0,40.6,29.5,1.896e-07,True,
self,1,2048,256,0,65.9,63.6,2.355e-07,True,
self,2,2048,256,0,73.4,63.3,2.355e-07,True,
self,3,2048,256,0,74.0,67.8,2.355e-07,True,
self,1,2048,1024,0,200.8,196.1,2.355e-07,True,
self,2,2048,1024,0,203.3,197.4,2.355e-07,True,
self,3,2048,1024,0,201.4,197.0,2.355e-07,True,
self,1,2048,4096,0,723.0,716.0,2.381e-07,True,
self,2,2048,4096,0,722.9,715.7,2.381e-07,True,
self,3,2048,4096,0,719.2,714.0,2.381e-07,True,
self,1,4096,1,0,39.5,34.4,1.065e-07,True,
self,2,4096,1,0,41.7,34.8,1.065e-07,True,
self,3,4096,1,0,42.3,35.7,1.065e-07,True,
self,1,4096,4,0,38.1,29.3,1.35e-07,True,
self,2,4096,4,0,37.7,24.8,1.35e-07,True,
self,3,4096,4,0,45.8,27.6,1.35e-07,True,
self,1,4096,16,0,52.1,34.6,1.35e-07,True,
self,2,4096,16,0,39.2,26.8,1.35e-07,True,
self,3,4096,16,0,35.4,31.0,1.35e-07,True,
self,1,4096,64,0,60.5,56.3,2.048e-07,True,
self,2,4096,64,0,53.9,44.2,2.048e-07,True,
self,3,4096,64,0,56.2,45.0,2.048e-07,True,
self,1,4096,256,0,122.7,119.2,2.26e-07,True,
self,2,4096,256,0,118.7,116.8,2.26e-07,True,
self,3,4096,256,0,112.1,110.7,2.26e-07,True,
self,1,4096,1024,0,402.3,395.0,2.357e-07,True,
self,2,4096,1024,0,402.0,393.0,2.357e-07,True,
self,3,4096,1024,0,402.0,395.3,2.357e-07,True,
self,1,4096,4096,0,1501.6,1494.1,2.41e-07,True,
self,2,4096,4096,0,1499.4,1490.9,2.41e-07,True,
self,3,4096,4096,0,1500.0,1484.9,2.41e-07,True,
